-- phpMyAdmin SQL Dump
-- version 5.2.0
-- https://www.phpmyadmin.net/
--
-- Host: 127.0.0.1
-- Generation Time: Apr 06, 2025 at 10:54 AM
-- Server version: 10.4.27-MariaDB
-- PHP Version: 7.4.33

SET SQL_MODE = "NO_AUTO_VALUE_ON_ZERO";
START TRANSACTION;
SET time_zone = "+00:00";


/*!40101 SET @OLD_CHARACTER_SET_CLIENT=@@CHARACTER_SET_CLIENT */;
/*!40101 SET @OLD_CHARACTER_SET_RESULTS=@@CHARACTER_SET_RESULTS */;
/*!40101 SET @OLD_COLLATION_CONNECTION=@@COLLATION_CONNECTION */;
/*!40101 SET NAMES utf8mb4 */;

--
-- Database: `cbt`
--

-- --------------------------------------------------------

--
-- Table structure for table `course`
--

CREATE TABLE `course` (
  `id_course` int(11) NOT NULL,
  `id_user` int(11) NOT NULL,
  `nama_course` varchar(255) NOT NULL,
  `created_at` datetime NOT NULL DEFAULT current_timestamp(),
  `updated_at` datetime DEFAULT NULL,
  `deleted_at` datetime DEFAULT NULL,
  `created_by` int(11) DEFAULT NULL,
  `updated_by` int(11) DEFAULT NULL,
  `deleted_by` int(11) DEFAULT NULL
) ENGINE=InnoDB DEFAULT CHARSET=utf8mb4 COLLATE=utf8mb4_general_ci;

--
-- Dumping data for table `course`
--

INSERT INTO `course` (`id_course`, `id_user`, `nama_course`, `created_at`, `updated_at`, `deleted_at`, `created_by`, `updated_by`, `deleted_by`) VALUES
(9, 3, 'ORE WA STRIKER DA!!', '2025-03-08 21:33:04', NULL, NULL, NULL, NULL, NULL),
(11, 7, 'Test Edit', '2025-03-09 02:05:34', '2025-03-17 07:27:37', NULL, NULL, 7, NULL),
(12, 12, 'CHICHI', '2025-03-10 07:42:43', NULL, NULL, NULL, NULL, NULL),
(16, 7, 'Ikimashoo', '2025-03-11 10:14:31', '2025-03-15 23:27:39', NULL, NULL, 7, NULL),
(17, 13, 'Elite Soccer Tactics', '2025-03-11 21:18:13', NULL, NULL, NULL, NULL, NULL),
(22, 4, 'This Is edit Course', '2025-03-24 14:40:36', '2025-03-24 14:41:35', NULL, 4, 4, NULL),
(23, 21, 'RPL 11 B - Sejarah', '2025-04-02 15:12:36', '2025-04-02 15:12:59', NULL, 21, 21, NULL);

-- --------------------------------------------------------

--
-- Table structure for table `exam`
--

CREATE TABLE `exam` (
  `id_exam` int(11) NOT NULL,
  `nama_exam` varchar(255) DEFAULT NULL,
  `deskripsi` text DEFAULT NULL,
  `times_play` int(11) DEFAULT NULL,
  `min_score` int(11) DEFAULT NULL,
  `allowed_attempt` int(11) DEFAULT NULL,
  `exam_open` datetime DEFAULT NULL,
  `exam_closed` datetime DEFAULT NULL,
  `q_shuffle` tinyint(1) DEFAULT NULL,
  `o_shuffle` tinyint(1) DEFAULT NULL,
  `id_course` int(11) DEFAULT NULL,
  `time_limit` int(11) DEFAULT NULL,
  `created_at` datetime DEFAULT current_timestamp(),
  `deleted_at` datetime DEFAULT NULL,
  `updated_at` datetime DEFAULT NULL,
  `created_by` varchar(255) DEFAULT NULL,
  `updated_by` varchar(255) DEFAULT NULL,
  `deleted_by` varchar(255) DEFAULT NULL
) ENGINE=InnoDB DEFAULT CHARSET=utf8mb4 COLLATE=utf8mb4_general_ci;

--
-- Dumping data for table `exam`
--

INSERT INTO `exam` (`id_exam`, `nama_exam`, `deskripsi`, `times_play`, `min_score`, `allowed_attempt`, `exam_open`, `exam_closed`, `q_shuffle`, `o_shuffle`, `id_course`, `time_limit`, `created_at`, `deleted_at`, `updated_at`, `created_by`, `updated_by`, `deleted_by`) VALUES
(39, 'test exam setting', '<p>dfghjuikb</p>', 4, 75, NULL, '1969-12-31 18:00:00', '1969-12-31 18:00:00', 0, 0, 9, 10, '2025-03-16 14:46:11', NULL, NULL, '3', NULL, NULL),
(40, 'Feature testing', '<p>sorry isagi, ill borrow your exam</p>', 17, 50, NULL, '1969-12-31 18:00:00', '1969-12-31 18:00:00', 0, 0, 17, NULL, '2025-03-16 22:17:43', NULL, NULL, '14', NULL, NULL),
(45, 'test made exam', '<p>ty</p>', 0, 75, NULL, NULL, NULL, 0, 0, 9, NULL, '2025-03-17 16:31:52', NULL, NULL, '3', NULL, NULL),
(46, 'What is bro cooking??', '<p>sdfge</p>', 0, 50, NULL, '1969-12-31 18:00:00', '1969-12-31 18:00:00', 0, 0, 9, NULL, '2025-03-17 16:34:47', NULL, NULL, '3', NULL, NULL),
(48, 'test essay question', '<p>kita coba edit tanpa ubah apa apa</p>', 3, 75, NULL, '1969-12-31 18:00:00', '1969-12-31 18:00:00', 0, 0, 9, NULL, '2025-03-17 17:05:47', NULL, NULL, '3', NULL, NULL),
(52, 'This is an Exam', '<p>This is a description</p><p><strong>bold </strong><em>emp </em><u>underline</u></p><ol><li>number</li></ol><ul><li>points</li></ul>', 6, 50, 2, '2025-03-24 14:00:00', '1969-12-31 18:00:00', 0, 0, 22, 120, '2025-03-24 14:46:47', NULL, NULL, '4', NULL, NULL),
(53, 'Flag Question Test', '<p>D/N/A !! </p>', 2, 75, 2, '1969-12-31 18:00:00', '1969-12-31 18:00:00', 0, 0, 16, NULL, '2025-03-26 11:28:48', NULL, NULL, '7', NULL, NULL),
(54, 'BLOK 1', '<p><strong><em><u>Ujian Sejarah Blok 1</u></em></strong></p>', 1, 50, 1, '2025-04-02 15:22:00', '2025-04-02 15:23:00', 1, 1, 23, 10, '2025-04-02 15:15:00', NULL, NULL, '21', NULL, NULL);

-- --------------------------------------------------------

--
-- Table structure for table `exam_attempts`
--

CREATE TABLE `exam_attempts` (
  `id_attempt` int(11) NOT NULL,
  `id_exam` int(11) NOT NULL,
  `id_user` int(11) NOT NULL,
  `id_question` int(11) NOT NULL,
  `chosen_option` longtext DEFAULT NULL,
  `is_correct` tinyint(1) DEFAULT NULL,
  `id_detail` int(11) DEFAULT NULL
) ENGINE=InnoDB DEFAULT CHARSET=utf8mb4 COLLATE=utf8mb4_general_ci;

--
-- Dumping data for table `exam_attempts`
--

INSERT INTO `exam_attempts` (`id_attempt`, `id_exam`, `id_user`, `id_question`, `chosen_option`, `is_correct`, `id_detail`) VALUES
(300, 23, 3, 60, 'C', 0, 109),
(302, 23, 7, 60, 'D', 1, 111),
(303, 25, 3, 54, 'B', 1, 112),
(304, 25, 3, 55, 'A', 1, 112),
(306, 28, 3, 63, 'C', 1, 115),
(307, 28, 3, 64, 'C', 0, 115),
(308, 28, 3, 65, 'B', 1, 115),
(309, 28, 3, 63, 'B', 0, 116),
(310, 28, 3, 64, 'C', 0, 116),
(311, 28, 3, 65, 'B', 1, 116),
(312, 28, 3, 63, 'C', 1, 117),
(313, 28, 3, 64, 'A', 1, 117),
(314, 28, 3, 65, 'B', 1, 117),
(325, 29, 3, 76, 'C', 1, 120),
(326, 29, 3, 77, 'B', 1, 120),
(327, 29, 3, 78, 'B', 1, 120),
(328, 29, 3, 79, 'B', 1, 120),
(329, 29, 3, 80, 'C', 1, 120),
(330, 29, 3, 81, 'B', 1, 120),
(331, 29, 3, 82, 'C', 1, 120),
(332, 29, 3, 83, 'C', 1, 120),
(333, 29, 3, 84, 'C', 1, 120),
(334, 29, 3, 85, 'A', 1, 120),
(335, 29, 3, 86, 'B', 1, 120),
(336, 29, 3, 76, 'D', 0, 121),
(337, 29, 3, 77, 'B', 1, 121),
(338, 29, 3, 78, 'B', 1, 121),
(339, 29, 3, 79, 'D', 0, 121),
(340, 29, 3, 80, 'B', 0, 121),
(341, 29, 3, 81, 'C', 0, 121),
(342, 29, 3, 82, 'C', 1, 121),
(343, 29, 3, 83, 'B', 0, 121),
(344, 29, 3, 84, 'C', 1, 121),
(345, 29, 3, 85, 'B', 0, 121),
(346, 29, 3, 86, 'B', 1, 121),
(347, 31, 3, 88, 'A', 1, 122),
(348, 31, 3, 89, 'B', 1, 122),
(349, 31, 3, 90, 'D', 1, 122),
(350, 31, 3, 91, 'D', 1, 122),
(351, 31, 3, 92, 'D', 1, 122),
(352, 21, 3, 49, 'B', 1, 124),
(354, 31, 7, 88, 'A', 1, 126),
(355, 31, 7, 89, 'B', 1, 126),
(356, 31, 7, 90, 'D', 1, 126),
(357, 31, 7, 91, 'A', 0, 126),
(358, 31, 7, 92, 'D', 1, 126),
(359, 29, 7, 76, 'C', 1, 127),
(360, 29, 7, 77, 'B', 1, 127),
(361, 29, 7, 78, 'B', 1, 127),
(362, 29, 7, 79, 'B', 1, 127),
(363, 29, 7, 80, 'C', 1, 127),
(364, 29, 7, 81, 'B', 1, 127),
(365, 29, 7, 82, 'C', 1, 127),
(366, 29, 7, 83, 'C', 1, 127),
(367, 29, 7, 84, 'C', 1, 127),
(368, 29, 7, 85, 'A', 1, 127),
(369, 29, 7, 86, 'B', 1, 127),
(371, 39, 3, 111, 'A', 1, 129),
(375, 39, 3, 111, 'A', 1, 133),
(376, 39, 3, 111, 'B', 0, 134),
(377, 40, 14, 113, '', 0, 135),
(378, 40, 14, 113, 'A', 0, 136),
(379, 40, 14, 113, 'B', 0, 137),
(380, 40, 14, 113, 'B', 0, 138),
(381, 40, 3, 113, 'B', 0, 139),
(382, 40, 3, 113, 'C', 1, 140),
(383, 39, 3, 111, 'A', 1, 141),
(400, 40, 3, 113, 'C', 1, 150),
(418, 40, 7, 113, 'D', 0, 158),
(419, 40, 7, 113, 'B', 0, 159),
(420, 40, 7, 113, 'C', 1, 160),
(421, 40, 7, 113, 'C', 1, 161),
(422, 40, 7, 113, 'C', 1, 162),
(423, 48, 14, 124, '<p>sdfvgb</p>', 1, 163),
(424, 48, 14, 125, 'B', 1, 163),
(425, 48, 14, 126, '<p>fgbnd</p>', 1, 163),
(428, 40, 14, 113, 'C', 1, 165),
(429, 48, 14, 124, '<p>enathlah</p>', 1, 166),
(430, 48, 14, 125, 'B', 1, 166),
(431, 48, 14, 126, '<p>yes essay</p>', 1, 166),
(432, 40, 14, 113, 'C', 1, 167),
(433, 50, 18, 129, 'D', 1, 168),
(434, 50, 18, 130, '<p>tidur</p>', NULL, 168),
(435, 48, 14, 124, '<p>xscasd</p>', NULL, 169),
(436, 48, 14, 125, 'B', 1, 169),
(437, 48, 14, 126, '<p>dsc</p>', NULL, 169),
(440, 52, 4, 135, 'B', 0, 171),
(441, 52, 4, 136, '<p>yippie great!</p>', 1, 171),
(442, 40, 14, 113, 'C', 1, 172),
(443, 40, 14, 113, 'C', 1, 173),
(444, 52, 14, 135, 'A', 1, 174),
(445, 52, 14, 136, '<p>pls be pending</p>', 1, 174),
(446, 52, 14, 135, 'A', 1, 175),
(447, 52, 14, 136, '<p>nice</p>', NULL, 175),
(448, 52, 3, 135, 'A', 1, 176),
(449, 52, 3, 136, '<p>kalau ini cepat sii, tapi kalau di tampilannya lambat</p>', NULL, 176),
(468, 53, 7, 140, 'D', 1, 183),
(469, 53, 7, 141, 'D', 1, 183),
(470, 53, 7, 142, 'A', 1, 183),
(471, 53, 7, 140, 'D', 1, 184),
(472, 53, 7, 141, 'D', 1, 184),
(473, 53, 7, 142, 'A', 1, 184),
(474, 52, 7, 135, 'A', 1, 185),
(475, 52, 7, 136, '<p>I see</p>', NULL, 185),
(476, 52, 7, 135, 'B', 0, 186),
(477, 52, 7, 136, '<p>last try!</p>', NULL, 186),
(480, 40, 4, 113, 'C', 1, 188),
(481, 54, 4, 160, 'C', 1, 189),
(482, 54, 4, 161, '<p>tak tau</p>', NULL, 189);

-- --------------------------------------------------------

--
-- Table structure for table `exam_detail`
--

CREATE TABLE `exam_detail` (
  `id_detail` int(11) NOT NULL,
  `id_user` int(11) DEFAULT NULL,
  `date_of_exam` datetime DEFAULT NULL,
  `date_of_submit` datetime DEFAULT NULL,
  `time_taken` time DEFAULT NULL,
  `exam_result` enum('lulus','gagal') DEFAULT NULL,
  `exam_score` int(11) DEFAULT NULL,
  `id_exam` int(11) DEFAULT NULL,
  `created_at` datetime DEFAULT current_timestamp(),
  `deleted_at` datetime DEFAULT NULL,
  `updated_at` datetime DEFAULT NULL,
  `created_by` varchar(255) DEFAULT NULL,
  `updated_by` varchar(255) DEFAULT NULL,
  `deleted_by` varchar(255) DEFAULT NULL
) ENGINE=InnoDB DEFAULT CHARSET=utf8mb4 COLLATE=utf8mb4_general_ci;

--
-- Dumping data for table `exam_detail`
--

INSERT INTO `exam_detail` (`id_detail`, `id_user`, `date_of_exam`, `date_of_submit`, `time_taken`, `exam_result`, `exam_score`, `id_exam`, `created_at`, `deleted_at`, `updated_at`, `created_by`, `updated_by`, `deleted_by`) VALUES
(109, 3, '2025-03-10 18:32:42', '2025-03-10 18:32:45', '00:00:03', 'gagal', 0, 23, '2025-03-10 18:32:42', NULL, NULL, NULL, NULL, NULL),
(111, 7, '2025-03-10 18:34:55', '2025-03-10 18:34:59', '00:00:04', 'lulus', 100, 23, '2025-03-10 18:34:55', NULL, NULL, NULL, NULL, NULL),
(112, 3, '2025-03-10 22:16:49', '2025-03-10 22:17:06', '00:00:17', 'lulus', 100, 25, '2025-03-10 22:16:49', NULL, NULL, NULL, NULL, NULL),
(115, 3, '2025-03-11 10:20:26', '2025-03-11 10:20:42', '00:00:16', 'gagal', 67, 28, '2025-03-11 10:20:26', NULL, NULL, NULL, NULL, NULL),
(116, 3, '2025-03-11 10:21:20', '2025-03-11 10:21:36', '00:00:16', 'gagal', 33, 28, '2025-03-11 10:21:20', NULL, NULL, NULL, NULL, NULL),
(117, 3, '2025-03-11 10:22:19', '2025-03-11 10:22:31', '00:00:12', 'lulus', 100, 28, '2025-03-11 10:22:19', NULL, NULL, NULL, NULL, NULL),
(120, 3, '2025-03-12 08:14:05', '2025-03-12 08:15:18', '00:01:13', 'lulus', 100, 29, '2025-03-12 08:14:05', NULL, NULL, NULL, NULL, NULL),
(121, 3, '2025-03-12 08:20:21', '2025-03-12 08:20:43', '00:00:22', 'gagal', 45, 29, '2025-03-12 08:20:21', NULL, NULL, NULL, NULL, NULL),
(122, 3, '2025-03-12 22:52:55', '2025-03-12 22:54:18', '00:01:23', 'lulus', 100, 31, '2025-03-12 22:52:55', NULL, NULL, NULL, NULL, NULL),
(124, 3, '2025-03-12 23:49:02', '2025-03-12 23:49:18', '00:00:16', 'lulus', 100, 21, '2025-03-12 23:49:02', NULL, NULL, NULL, NULL, NULL),
(126, 7, '2025-03-13 16:24:55', '2025-03-13 16:27:47', '00:02:52', 'lulus', 80, 31, '2025-03-13 16:24:55', NULL, NULL, NULL, NULL, NULL),
(127, 7, '2025-03-16 10:38:59', '2025-03-16 10:40:08', '00:01:09', 'lulus', 100, 29, '2025-03-16 10:38:59', NULL, NULL, NULL, NULL, NULL),
(129, 3, '2025-03-16 17:51:48', '2025-03-16 17:52:09', '00:00:21', 'lulus', 100, 39, '2025-03-16 17:51:48', NULL, NULL, NULL, NULL, NULL),
(133, 3, '2025-03-16 20:47:12', '2025-03-16 20:47:20', '00:00:08', 'lulus', 100, 39, '2025-03-16 20:47:12', NULL, NULL, NULL, NULL, NULL),
(134, 3, '2025-03-16 20:48:18', '2025-03-16 20:48:23', '00:00:05', 'gagal', 0, 39, '2025-03-16 20:48:18', NULL, NULL, NULL, NULL, NULL),
(135, 14, '2025-03-16 22:35:22', '2025-03-16 22:35:28', '00:00:06', 'gagal', 0, 40, '2025-03-16 22:35:22', NULL, NULL, NULL, NULL, NULL),
(136, 14, '2025-03-17 00:07:22', '2025-03-17 00:07:36', '00:00:14', 'gagal', 0, 40, '2025-03-17 00:07:22', NULL, NULL, NULL, NULL, NULL),
(137, 14, '2025-03-17 00:10:52', '2025-03-17 00:13:26', '00:02:34', 'gagal', 0, 40, '2025-03-17 00:10:52', NULL, NULL, NULL, NULL, NULL),
(138, 14, '2025-03-17 00:13:38', '2025-03-17 00:13:44', '00:00:06', 'gagal', 0, 40, '2025-03-17 00:13:38', NULL, NULL, NULL, NULL, NULL),
(139, 3, '2025-03-17 09:36:25', '2025-03-17 09:36:41', '00:00:16', 'gagal', 0, 40, '2025-03-17 09:36:25', NULL, NULL, NULL, NULL, NULL),
(140, 3, '2025-03-17 09:37:08', '2025-03-17 09:37:22', '00:00:14', 'lulus', 100, 40, '2025-03-17 09:37:08', NULL, NULL, NULL, NULL, NULL),
(141, 3, '2025-03-17 15:34:42', '2025-03-17 15:34:52', '00:00:10', 'lulus', 100, 39, '2025-03-17 15:34:42', NULL, NULL, NULL, NULL, NULL),
(150, 3, '2025-03-17 19:16:42', '2025-03-17 19:16:47', '00:00:05', 'lulus', 100, 40, '2025-03-17 19:16:42', NULL, NULL, NULL, NULL, NULL),
(158, 7, '2025-03-17 23:28:59', '2025-03-17 23:29:07', '00:00:08', 'gagal', 0, 40, '2025-03-17 23:28:59', NULL, NULL, NULL, NULL, NULL),
(159, 7, '2025-03-17 23:32:25', '2025-03-17 23:32:30', '00:00:05', 'gagal', 0, 40, '2025-03-17 23:32:25', NULL, NULL, NULL, NULL, NULL),
(160, 7, '2025-03-17 23:32:45', '2025-03-17 23:32:50', '00:00:05', 'lulus', 100, 40, '2025-03-17 23:32:45', NULL, NULL, NULL, NULL, NULL),
(161, 7, '2025-03-17 23:37:31', '2025-03-17 23:37:36', '00:00:05', 'lulus', 100, 40, '2025-03-17 23:37:31', NULL, NULL, NULL, NULL, NULL),
(162, 7, '2025-03-17 23:44:18', '2025-03-17 23:44:22', '00:00:04', 'lulus', 100, 40, '2025-03-17 23:44:18', NULL, NULL, NULL, NULL, NULL),
(163, 14, '2025-03-17 23:59:05', '2025-03-17 23:59:14', '00:00:09', 'lulus', 100, 48, '2025-03-17 23:59:05', NULL, NULL, NULL, NULL, NULL),
(165, 14, '2025-03-18 09:34:19', '2025-03-18 09:34:35', '00:00:16', 'lulus', 100, 40, '2025-03-18 09:34:19', NULL, NULL, NULL, NULL, NULL),
(166, 14, '2025-03-18 09:39:08', '2025-03-18 09:39:38', '00:00:30', 'lulus', 100, 48, '2025-03-18 09:39:08', NULL, NULL, NULL, NULL, NULL),
(167, 14, '2025-03-18 09:46:27', '2025-03-18 09:46:39', '00:00:12', 'lulus', 100, 40, '2025-03-18 09:46:27', NULL, NULL, NULL, NULL, NULL),
(168, 18, '2025-03-18 10:09:05', '2025-03-18 10:09:36', '00:00:31', '', NULL, 50, '2025-03-18 10:09:05', NULL, NULL, NULL, NULL, NULL),
(169, 14, '2025-03-18 10:39:26', '2025-03-18 10:39:39', '00:00:13', '', NULL, 48, '2025-03-18 10:39:26', NULL, NULL, NULL, NULL, NULL),
(171, 4, '2025-03-24 14:50:55', '2025-03-24 14:51:31', '00:00:36', 'lulus', 50, 52, '2025-03-24 14:50:55', NULL, NULL, NULL, NULL, NULL),
(172, 14, '2025-03-24 15:16:24', '2025-03-24 15:16:46', '00:00:22', 'lulus', 100, 40, '2025-03-24 15:16:24', NULL, NULL, NULL, NULL, NULL),
(173, 14, '2025-03-24 15:29:42', '2025-03-24 15:29:50', '00:00:08', 'lulus', 100, 40, '2025-03-24 15:29:42', NULL, NULL, NULL, NULL, NULL),
(174, 14, '2025-03-24 15:36:49', '2025-03-24 15:37:10', '00:00:21', 'lulus', 100, 52, '2025-03-24 15:36:49', NULL, NULL, NULL, NULL, NULL),
(175, 14, '2025-03-24 15:52:39', '2025-03-24 15:52:53', '00:00:14', '', NULL, 52, '2025-03-24 15:52:39', NULL, NULL, NULL, NULL, NULL),
(176, 3, '2025-03-25 23:04:23', '2025-03-25 23:04:50', '00:00:27', '', NULL, 52, '2025-03-25 23:04:23', NULL, NULL, NULL, NULL, NULL),
(183, 7, '2025-03-26 12:00:29', '2025-03-26 12:01:07', '00:00:38', 'lulus', 100, 53, '2025-03-26 12:00:29', NULL, NULL, NULL, NULL, NULL),
(184, 7, '2025-03-26 12:02:44', '2025-03-26 12:03:31', '00:00:47', 'lulus', 100, 53, '2025-03-26 12:02:44', NULL, NULL, NULL, NULL, NULL),
(185, 7, '2025-03-31 13:04:48', '2025-03-31 13:05:02', '00:00:14', '', NULL, 52, '2025-03-31 13:04:48', NULL, NULL, NULL, NULL, NULL),
(186, 7, '2025-03-31 13:05:27', '2025-03-31 13:05:41', '00:00:14', '', NULL, 52, '2025-03-31 13:05:27', NULL, NULL, NULL, NULL, NULL),
(188, 4, '2025-04-02 15:17:42', '2025-04-02 15:17:49', '00:00:07', 'lulus', 100, 40, '2025-04-02 15:17:42', NULL, NULL, NULL, NULL, NULL),
(189, 4, '2025-04-02 15:22:06', '2025-04-02 15:22:20', '00:00:14', '', NULL, 54, '2025-04-02 15:22:06', NULL, NULL, NULL, NULL, NULL);

--
-- Triggers `exam_detail`
--
DELIMITER $$
CREATE TRIGGER `delete_times_play` AFTER DELETE ON `exam_detail` FOR EACH ROW UPDATE exam
	SET times_play=times_play - 1
	WHERE id_exam=old.id_exam
$$
DELIMITER ;
DELIMITER $$
CREATE TRIGGER `times_play` AFTER INSERT ON `exam_detail` FOR EACH ROW UPDATE exam
	SET times_play=times_play+ 1
	WHERE id_exam=new.id_exam
$$
DELIMITER ;

-- --------------------------------------------------------

--
-- Table structure for table `log_activity`
--

CREATE TABLE `log_activity` (
  `id_log` int(11) NOT NULL,
  `id_user` int(11) NOT NULL,
  `what_happens` text NOT NULL,
  `happens_at` datetime NOT NULL DEFAULT current_timestamp(),
  `ip_address` varchar(255) NOT NULL
) ENGINE=InnoDB DEFAULT CHARSET=utf8mb4 COLLATE=utf8mb4_general_ci;

--
-- Dumping data for table `log_activity`
--

INSERT INTO `log_activity` (`id_log`, `id_user`, `what_happens`, `happens_at`, `ip_address`) VALUES
(1, 7, 'User logged in', '2025-03-05 10:37:22', '::1'),
(2, 10, 'User logged in', '2025-03-05 23:41:04', '::1'),
(3, 3, 'User logged in', '2025-03-05 23:43:34', '::1'),
(4, 3, 'User logged out', '2025-03-05 23:43:58', '::1'),
(5, 3, 'User logged in', '2025-03-07 17:38:12', '::1'),
(6, 3, 'User logged in', '2025-03-07 22:50:22', '::1'),
(7, 3, 'User logged out', '2025-03-07 23:12:38', '::1'),
(8, 3, 'User logged in', '2025-03-07 23:13:03', '::1'),
(9, 3, 'User logged out', '2025-03-07 23:19:01', '::1'),
(10, 3, 'User logged in', '2025-03-07 23:19:12', '::1'),
(11, 3, 'User logged in', '2025-03-08 10:32:40', '::1'),
(12, 3, 'User logged in', '2025-03-08 14:48:59', '::1'),
(13, 3, 'User logged in', '2025-03-08 20:40:53', '::1'),
(14, 3, 'User logged out', '2025-03-08 21:04:28', '::1'),
(15, 7, 'User logged in', '2025-03-08 21:04:56', '::1'),
(16, 3, 'User logged in', '2025-03-08 21:15:55', '::1'),
(17, 3, 'User logged in', '2025-03-09 10:05:34', '::1'),
(18, 3, 'User logged in', '2025-03-09 15:02:44', '::1'),
(19, 10, 'User logged in', '2025-03-09 15:07:48', '::1'),
(20, 10, 'User logged in', '2025-03-09 15:18:34', '::1'),
(21, 3, 'User logged in', '2025-03-09 18:34:11', '::1'),
(22, 3, 'User logged in', '2025-03-09 22:09:57', '::1'),
(23, 12, 'User logged in', '2025-03-09 22:19:23', '::1'),
(24, 12, 'User logged in', '2025-03-09 22:44:20', '::1'),
(25, 12, 'User logged in', '2025-03-10 07:41:56', '::1'),
(26, 3, 'User logged in', '2025-03-10 07:49:56', '::1'),
(27, 3, 'User logged in', '2025-03-10 08:48:39', '::1'),
(28, 3, 'User logged in', '2025-03-10 09:44:47', '::1'),
(29, 7, 'User logged in', '2025-03-10 13:31:30', '::1'),
(30, 3, 'User logged in', '2025-03-10 13:31:42', '::1'),
(31, 7, 'User logged in', '2025-03-10 17:36:25', '::1'),
(32, 7, 'User logged out', '2025-03-10 17:55:05', '::1'),
(33, 3, 'User logged in', '2025-03-10 17:55:32', '::1'),
(34, 7, 'User logged in', '2025-03-10 18:34:10', '::1'),
(35, 3, 'User logged in', '2025-03-10 22:07:42', '::1'),
(36, 3, 'User logged out', '2025-03-11 00:33:56', '::1'),
(37, 3, 'User logged in', '2025-03-11 00:34:24', '::1'),
(38, 7, 'User logged in', '2025-03-11 00:46:17', '::1'),
(39, 7, 'User logged in', '2025-03-11 07:47:56', '::1'),
(40, 7, 'User logged out', '2025-03-11 07:48:04', '::1'),
(41, 3, 'User logged in', '2025-03-11 07:48:16', '::1'),
(42, 3, 'User logged in', '2025-03-11 10:10:44', '::1'),
(43, 7, 'User logged in', '2025-03-11 10:12:02', '::1'),
(44, 14, 'User logged out', '2025-03-13 00:13:39', '::1'),
(45, 3, 'User logged in', '2025-03-13 00:16:54', '::1'),
(46, 3, 'User logged out', '2025-03-13 00:17:18', '::1'),
(47, 15, 'User logged in', '2025-03-13 07:18:18', '::1'),
(48, 7, 'User logged in', '2025-03-13 07:46:34', '::1'),
(49, 7, 'User logged out', '2025-03-13 07:48:50', '::1'),
(50, 3, 'User logged in', '2025-03-13 07:59:57', '::1'),
(51, 15, 'User logged out', '2025-03-13 08:02:42', '::1'),
(52, 3, 'User logged out', '2025-03-13 08:03:18', '::1'),
(53, 14, 'User logged in', '2025-03-13 08:03:39', '::1'),
(54, 7, 'User logged in', '2025-03-13 16:07:22', '::1'),
(55, 7, 'User Accessed Listing Page', '2025-03-13 16:07:41', '::1'),
(56, 7, 'User Accessed Listing Page', '2025-03-13 16:11:58', '::1'),
(59, 7, 'User Accessed Listing Page', '2025-03-13 16:17:35', '::1'),
(60, 7, 'User accessed Are you Gen 1 worthy?', '2025-03-13 16:17:39', '::1'),
(61, 7, 'User Accessed Listing Page', '2025-03-13 16:20:10', '::1'),
(62, 7, 'User accessed Are you Gen 1 worthy?', '2025-03-13 16:20:18', '::1'),
(63, 7, 'User answers Are you Gen 1 worthy?', '2025-03-13 16:24:55', '::1'),
(64, 14, 'User logged in', '2025-03-13 16:25:26', '::1'),
(65, 7, 'User accessed Are you Gen 1 worthy?', '2025-03-13 16:28:59', '::1'),
(66, 7, 'User Accessed Listing Page', '2025-03-13 16:33:33', '::1'),
(67, 7, 'User Accessed Listing Page', '2025-03-13 16:35:50', '::1'),
(68, 7, 'User Accessed Listing Page', '2025-03-13 16:37:54', '::1'),
(69, 7, 'User created  exam.', '2025-03-13 16:38:29', '::1'),
(70, 7, 'User Accessed Listing Page', '2025-03-13 16:38:30', '::1'),
(71, 7, 'User created cafd exam.', '2025-03-13 16:42:02', '::1'),
(72, 7, 'User Accessed Listing Page', '2025-03-13 16:42:03', '::1'),
(73, 7, 'User Accessed Listing Page', '2025-03-13 16:42:13', '::1'),
(74, 7, 'User accessed home page.', '2025-03-13 16:47:33', '::1'),
(75, 7, 'User accessed home page.', '2025-03-13 16:49:34', '::1'),
(76, 7, 'User visitted course list', '2025-03-13 17:31:34', '::1'),
(77, 7, 'User Accessed Listing Page', '2025-03-13 17:34:17', '::1'),
(78, 7, 'User accessed cafd', '2025-03-13 17:34:23', '::1'),
(79, 7, 'User accessed XDDD', '2025-03-13 17:34:36', '::1'),
(80, 7, 'User deleted XDDD exam', '2025-03-13 17:34:40', '::1'),
(81, 7, 'User deleted an attempt', '2025-03-13 17:34:52', '::1'),
(82, 7, 'User logged in', '2025-03-15 22:54:09', '::1'),
(83, 7, 'User accessed home page.', '2025-03-15 22:54:17', '::1'),
(84, 7, 'User visitted course list', '2025-03-15 22:54:29', '::1'),
(85, 7, 'User Accessed Listing Page', '2025-03-15 22:54:50', '::1'),
(86, 7, 'User accessed home page.', '2025-03-15 22:56:31', '::1'),
(87, 7, 'User visitted course list', '2025-03-15 22:58:00', '::1'),
(88, 7, 'User visitted course list', '2025-03-15 22:58:28', '::1'),
(89, 7, 'User visitted course list', '2025-03-15 22:58:43', '::1'),
(90, 7, 'User visitted course list', '2025-03-15 22:59:52', '::1'),
(91, 7, 'User visitted course list', '2025-03-15 23:00:17', '::1'),
(92, 7, 'User visitted course list', '2025-03-15 23:00:31', '::1'),
(93, 7, 'User visitted course list', '2025-03-15 23:01:13', '::1'),
(94, 7, 'User visitted course list', '2025-03-15 23:02:12', '::1'),
(95, 7, 'User visitted course list', '2025-03-15 23:03:37', '::1'),
(96, 7, 'User visitted course list', '2025-03-15 23:17:43', '::1'),
(97, 7, 'User visitted course list', '2025-03-15 23:19:19', '::1'),
(98, 7, 'User visitted course list', '2025-03-15 23:19:49', '::1'),
(99, 7, 'User visitted course list', '2025-03-15 23:21:16', '::1'),
(100, 7, 'User edited course: ONE PUUUUUUUUNCH!!', '2025-03-15 23:25:18', '::1'),
(101, 7, 'User visitted course list', '2025-03-15 23:25:24', '::1'),
(102, 7, 'User visitted course list', '2025-03-15 23:26:53', '::1'),
(103, 7, 'User edited course: Ikimashoo', '2025-03-15 23:27:39', '::1'),
(104, 7, 'User visitted course list', '2025-03-15 23:27:44', '::1'),
(105, 7, 'User visitted course list', '2025-03-15 23:28:36', '::1'),
(106, 7, 'User visitted course list', '2025-03-15 23:29:39', '::1'),
(107, 7, 'User visitted course list', '2025-03-15 23:30:43', '::1'),
(108, 7, 'User visitted course list', '2025-03-15 23:32:15', '::1'),
(109, 7, 'User visitted course list', '2025-03-15 23:33:05', '::1'),
(110, 7, 'User visitted course list', '2025-03-15 23:35:59', '::1'),
(111, 7, 'User logged in', '2025-03-16 10:37:38', '::1'),
(112, 7, 'User accessed home page.', '2025-03-16 10:37:49', '::1'),
(113, 7, 'User visitted course list', '2025-03-16 10:38:12', '::1'),
(114, 7, 'User Accessed Listing Page', '2025-03-16 10:38:25', '::1'),
(115, 7, 'User accessed Becoming the Ultimate Striker', '2025-03-16 10:38:47', '::1'),
(116, 7, 'User answers Becoming the Ultimate Striker', '2025-03-16 10:38:59', '::1'),
(117, 7, 'User finished Becoming the Ultimate Striker', '2025-03-16 10:40:08', '::1'),
(118, 7, 'User accessed Becoming the Ultimate Striker', '2025-03-16 10:40:25', '::1'),
(119, 7, 'User accessed log activity', '2025-03-16 10:40:40', '::1'),
(120, 7, 'User visitted course list', '2025-03-16 10:41:43', '::1'),
(121, 7, 'User accessed home page.', '2025-03-16 10:42:02', '::1'),
(122, 7, 'User logged out', '2025-03-16 10:42:52', '::1'),
(123, 13, 'User logged in', '2025-03-16 10:43:16', '::1'),
(124, 13, 'User accessed home page.', '2025-03-16 10:43:23', '::1'),
(125, 13, 'User visitted course list', '2025-03-16 10:43:35', '::1'),
(126, 13, 'User Accessed Listing Page', '2025-03-16 10:43:53', '::1'),
(127, 13, 'User accessed Becoming the Ultimate Striker', '2025-03-16 10:44:11', '::1'),
(128, 13, 'User deleted Becoming the Ultimate Striker exam', '2025-03-16 10:44:20', '::1'),
(129, 13, 'User deleted Becoming the Ultimate Striker exam', '2025-03-16 10:47:03', '::1'),
(130, 13, 'User deleted Becoming the Ultimate Striker exam', '2025-03-16 10:52:01', '::1'),
(131, 13, 'User deleted Becoming the Ultimate Striker exam', '2025-03-16 10:53:13', '::1'),
(132, 13, 'User deleted Becoming the Ultimate Striker exam', '2025-03-16 10:55:51', '::1'),
(133, 13, 'User deleted Becoming the Ultimate Striker exam', '2025-03-16 11:00:25', '::1'),
(134, 13, 'User deleted Becoming the Ultimate Striker exam', '2025-03-16 11:07:54', '::1'),
(135, 13, 'User deleted Becoming the Ultimate Striker exam', '2025-03-16 11:12:57', '::1'),
(136, 13, 'User deleted Becoming the Ultimate Striker exam', '2025-03-16 11:13:31', '::1'),
(137, 13, 'User printed Becoming the Ultimate Striker\'s report', '2025-03-16 11:13:59', '::1'),
(138, 13, 'User logged out', '2025-03-16 11:15:00', '::1'),
(139, 14, 'User logged in', '2025-03-16 11:19:13', '::1'),
(140, 14, 'User accessed home page.', '2025-03-16 11:19:50', '::1'),
(141, 14, 'User accessed home page.', '2025-03-16 11:35:39', '::1'),
(142, 14, 'User visitted course list', '2025-03-16 11:35:51', '::1'),
(143, 14, 'User deleted  course', '2025-03-16 11:36:14', '::1'),
(144, 14, 'User visitted course list', '2025-03-16 11:36:21', '::1'),
(145, 14, 'User deleted  course', '2025-03-16 11:36:33', '::1'),
(146, 14, 'User visitted course list', '2025-03-16 11:36:41', '::1'),
(147, 14, 'User deleted  course', '2025-03-16 11:37:02', '::1'),
(148, 14, 'User visitted course list', '2025-03-16 11:37:09', '::1'),
(149, 14, 'User accessed home page.', '2025-03-16 11:37:29', '::1'),
(150, 14, 'User accessed home page.', '2025-03-16 11:43:26', '::1'),
(151, 14, 'User visitted course list', '2025-03-16 11:43:39', '::1'),
(152, 14, 'User Accessed Listing Page', '2025-03-16 11:43:52', '::1'),
(153, 14, 'User logged out', '2025-03-16 11:44:13', '::1'),
(154, 7, 'User logged in', '2025-03-16 11:44:42', '::1'),
(155, 7, 'User accessed home page.', '2025-03-16 11:44:49', '::1'),
(156, 7, 'User accessed log activity', '2025-03-16 11:45:00', '::1'),
(157, 3, 'User logged in', '2025-03-16 14:24:08', '::1'),
(158, 3, 'User accessed home page.', '2025-03-16 14:24:15', '::1'),
(159, 3, 'User visitted course list', '2025-03-16 14:39:25', '::1'),
(160, 3, 'User Accessed Listing Page', '2025-03-16 14:39:36', '::1'),
(161, 3, 'User\'s creating exam', '2025-03-16 14:39:45', '::1'),
(162, 3, 'User\'s creating exam', '2025-03-16 14:41:20', '::1'),
(163, 3, 'User\'s creating exam', '2025-03-16 14:42:44', '::1'),
(164, 3, 'User\'s creating exam', '2025-03-16 14:43:05', '::1'),
(165, 3, 'User\'s creating exam', '2025-03-16 14:44:56', '::1'),
(166, 3, 'User created test exam setting exam.', '2025-03-16 14:46:11', '::1'),
(167, 3, 'User Accessed Listing Page', '2025-03-16 14:46:18', '::1'),
(168, 3, 'User deleted an exam', '2025-03-16 14:46:40', '::1'),
(169, 3, 'User Accessed Listing Page', '2025-03-16 14:46:46', '::1'),
(170, 3, 'User accessed test exam setting', '2025-03-16 14:46:57', '::1'),
(171, 3, 'User accessed test exam setting', '2025-03-16 14:56:08', '::1'),
(172, 3, 'User Accessed Listing Page', '2025-03-16 14:56:39', '::1'),
(173, 3, 'User updated test exam setting', '2025-03-16 15:14:44', '::1'),
(174, 3, 'User Accessed Listing Page', '2025-03-16 15:14:51', '::1'),
(175, 3, 'User updated test exam setting', '2025-03-16 15:16:32', '::1'),
(176, 3, 'User Accessed Listing Page', '2025-03-16 15:16:39', '::1'),
(177, 3, 'User updated test exam setting', '2025-03-16 15:23:02', '::1'),
(178, 3, 'User Accessed Listing Page', '2025-03-16 15:23:09', '::1'),
(179, 3, 'User updated test exam setting', '2025-03-16 15:24:43', '::1'),
(180, 3, 'User Accessed Listing Page', '2025-03-16 15:24:49', '::1'),
(181, 3, 'User updated test exam setting', '2025-03-16 15:27:11', '::1'),
(182, 3, 'User Accessed Listing Page', '2025-03-16 15:27:17', '::1'),
(183, 3, 'User Accessed Listing Page', '2025-03-16 15:28:34', '::1'),
(184, 3, 'User updated test exam setting', '2025-03-16 15:29:09', '::1'),
(185, 3, 'User Accessed Listing Page', '2025-03-16 15:29:16', '::1'),
(186, 3, 'User updated test exam setting', '2025-03-16 15:37:14', '::1'),
(187, 3, 'User Accessed Listing Page', '2025-03-16 15:37:20', '::1'),
(188, 3, 'User Accessed Listing Page', '2025-03-16 15:43:28', '::1'),
(189, 3, 'User updated test exam setting', '2025-03-16 15:44:04', '::1'),
(190, 3, 'User Accessed Listing Page', '2025-03-16 15:44:11', '::1'),
(191, 3, 'User accessed test exam setting', '2025-03-16 15:44:21', '::1'),
(192, 3, 'User accessed test exam setting', '2025-03-16 15:45:24', '::1'),
(193, 3, 'User accessed test exam setting', '2025-03-16 15:48:47', '::1'),
(194, 3, 'User Accessed Listing Page', '2025-03-16 15:49:01', '::1'),
(195, 3, 'User updated test exam setting', '2025-03-16 15:49:30', '::1'),
(196, 3, 'User Accessed Listing Page', '2025-03-16 15:49:37', '::1'),
(197, 3, 'User accessed test exam setting', '2025-03-16 15:49:48', '::1'),
(198, 3, 'User accessed test exam setting', '2025-03-16 15:52:15', '::1'),
(199, 3, 'User accessed test exam setting', '2025-03-16 15:54:44', '::1'),
(200, 3, 'User accessed test exam setting', '2025-03-16 15:58:22', '::1'),
(201, 3, 'User accessed test exam setting', '2025-03-16 16:00:39', '::1'),
(202, 3, 'User accessed test exam setting', '2025-03-16 16:02:05', '::1'),
(203, 3, 'User accessed test exam setting', '2025-03-16 17:45:58', '::1'),
(204, 3, 'User accessed test exam setting', '2025-03-16 17:46:19', '::1'),
(205, 3, 'User accessed test exam setting', '2025-03-16 17:50:56', '::1'),
(206, 3, 'User answers test exam setting', '2025-03-16 17:51:06', '::1'),
(207, 3, 'User finished test exam setting', '2025-03-16 17:51:17', '::1'),
(208, 3, 'User accessed test exam setting', '2025-03-16 17:51:36', '::1'),
(209, 3, 'User answers test exam setting', '2025-03-16 17:51:48', '::1'),
(210, 3, 'User finished test exam setting', '2025-03-16 17:52:09', '::1'),
(211, 3, 'User accessed test exam setting', '2025-03-16 17:52:29', '::1'),
(212, 3, 'User answers test exam setting', '2025-03-16 17:52:43', '::1'),
(213, 3, 'User finished test exam setting', '2025-03-16 17:52:57', '::1'),
(214, 3, 'User accessed test exam setting', '2025-03-16 17:54:14', '::1'),
(215, 3, 'User deleted test exam setting exam', '2025-03-16 17:54:25', '::1'),
(216, 3, 'User accessed home page.', '2025-03-16 17:54:56', '::1'),
(217, 3, 'User visitted course list', '2025-03-16 17:55:06', '::1'),
(218, 3, 'User Accessed Listing Page', '2025-03-16 17:55:15', '::1'),
(219, 3, 'User Accessed Listing Page', '2025-03-16 17:55:25', '::1'),
(220, 3, 'User Accessed Listing Page', '2025-03-16 17:55:35', '::1'),
(221, 3, 'User updated test exam setting', '2025-03-16 17:59:53', '::1'),
(222, 3, 'User Accessed Listing Page', '2025-03-16 17:59:58', '::1'),
(223, 3, 'User accessed test exam setting', '2025-03-16 18:00:08', '::1'),
(224, 3, 'User updated test exam setting', '2025-03-16 18:00:46', '::1'),
(225, 3, 'User Accessed Listing Page', '2025-03-16 18:00:51', '::1'),
(226, 3, 'User accessed test exam setting', '2025-03-16 18:00:59', '::1'),
(227, 3, 'User answers test exam setting', '2025-03-16 18:01:10', '::1'),
(228, 3, 'User finished test exam setting', '2025-03-16 18:01:28', '::1'),
(229, 3, 'User accessed test exam setting', '2025-03-16 18:01:44', '::1'),
(230, 3, 'User deleted test exam setting exam', '2025-03-16 18:01:54', '::1'),
(231, 3, 'User answers test exam setting', '2025-03-16 18:02:27', '::1'),
(232, 3, 'User finished test exam setting', '2025-03-16 18:02:35', '::1'),
(233, 3, 'User accessed test exam setting', '2025-03-16 18:02:51', '::1'),
(234, 3, 'User deleted test exam setting exam', '2025-03-16 18:03:00', '::1'),
(235, 3, 'User deleted an attempt', '2025-03-16 18:03:21', '::1'),
(236, 3, 'User deleted test exam setting exam', '2025-03-16 18:03:26', '::1'),
(237, 3, 'User deleted an attempt', '2025-03-16 18:03:34', '::1'),
(238, 3, 'User deleted test exam setting exam', '2025-03-16 18:03:40', '::1'),
(239, 3, 'User printed test exam setting\'s report', '2025-03-16 18:04:49', '::1'),
(240, 3, 'User printed test exam setting\'s report', '2025-03-16 18:04:58', '::1'),
(241, 3, 'User deleted test exam setting exam', '2025-03-16 18:05:55', '::1'),
(242, 3, 'User printed test exam setting\'s report', '2025-03-16 18:06:11', '::1'),
(243, 3, 'User logged in', '2025-03-16 18:13:40', '::1'),
(244, 3, 'User logged in', '2025-03-16 18:14:25', '::1'),
(245, 3, 'User accessed home page.', '2025-03-16 18:14:30', '::1'),
(246, 3, 'User visitted course list', '2025-03-16 18:14:40', '::1'),
(247, 3, 'User Accessed Listing Page', '2025-03-16 18:14:47', '::1'),
(248, 3, 'User accessed test exam setting', '2025-03-16 18:14:55', '::1'),
(249, 3, 'User deleted test exam setting exam', '2025-03-16 18:15:05', '::1'),
(250, 3, 'User printed test exam setting\'s report', '2025-03-16 18:15:22', '::1'),
(251, 3, 'User deleted an attempt', '2025-03-16 18:15:39', '::1'),
(252, 3, 'User deleted test exam setting exam', '2025-03-16 18:15:43', '::1'),
(253, 3, 'User deleted an attempt', '2025-03-16 18:15:51', '::1'),
(254, 3, 'User deleted test exam setting exam', '2025-03-16 18:15:56', '::1'),
(255, 3, 'User accessed home page.', '2025-03-16 18:16:01', '::1'),
(256, 3, 'User visitted course list', '2025-03-16 18:16:09', '::1'),
(257, 3, 'User Accessed Listing Page', '2025-03-16 18:16:20', '::1'),
(258, 3, 'User Accessed Listing Page', '2025-03-16 18:16:29', '::1'),
(259, 3, 'User Accessed Listing Page', '2025-03-16 18:16:37', '::1'),
(260, 3, 'User Accessed Listing Page', '2025-03-16 18:16:47', '::1'),
(261, 3, 'User accessed test exam setting', '2025-03-16 18:16:54', '::1'),
(262, 3, 'User accessed test exam setting', '2025-03-16 18:21:30', '::1'),
(263, 3, 'User deleted test exam setting exam', '2025-03-16 18:21:36', '::1'),
(264, 3, 'User deleted test exam setting exam', '2025-03-16 18:23:52', '::1'),
(265, 3, 'User deleted test exam setting exam', '2025-03-16 18:24:28', '::1'),
(266, 3, 'User deleted test exam setting exam', '2025-03-16 18:28:16', '::1'),
(267, 3, 'User deleted test exam setting exam', '2025-03-16 18:28:59', '::1'),
(268, 3, 'User deleted test exam setting exam', '2025-03-16 18:30:39', '::1'),
(269, 3, 'User deleted test exam setting exam', '2025-03-16 18:32:12', '::1'),
(270, 3, 'User deleted test exam setting exam', '2025-03-16 18:34:03', '::1'),
(271, 3, 'User deleted test exam setting exam', '2025-03-16 20:23:23', '::1'),
(272, 3, 'User deleted test exam setting exam', '2025-03-16 20:23:57', '::1'),
(273, 3, 'User logged in', '2025-03-16 20:45:57', '::1'),
(274, 3, 'User accessed home page.', '2025-03-16 20:46:00', '::1'),
(275, 3, 'User visitted course list', '2025-03-16 20:46:07', '::1'),
(276, 3, 'User Accessed Listing Page', '2025-03-16 20:46:11', '::1'),
(277, 3, 'User accessed test exam setting', '2025-03-16 20:46:15', '::1'),
(278, 3, 'User deleted test exam setting exam', '2025-03-16 20:46:20', '::1'),
(279, 3, 'User deleted test exam setting exam', '2025-03-16 20:46:59', '::1'),
(280, 3, 'User answers test exam setting', '2025-03-16 20:47:12', '::1'),
(281, 3, 'User finished test exam setting', '2025-03-16 20:47:20', '::1'),
(282, 3, 'User accessed test exam setting', '2025-03-16 20:47:25', '::1'),
(283, 3, 'User deleted test exam setting exam', '2025-03-16 20:47:30', '::1'),
(284, 3, 'User printed test exam setting\'s report', '2025-03-16 20:48:00', '::1'),
(285, 3, 'User answers test exam setting', '2025-03-16 20:48:18', '::1'),
(286, 3, 'User finished test exam setting', '2025-03-16 20:48:23', '::1'),
(287, 3, 'User accessed test exam setting', '2025-03-16 20:48:27', '::1'),
(288, 3, 'User deleted test exam setting exam', '2025-03-16 20:48:30', '::1'),
(289, 3, 'User printed test exam setting\'s report', '2025-03-16 20:48:39', '::1'),
(290, 3, 'User logged out', '2025-03-16 20:52:33', '::1'),
(291, 7, 'User logged in', '2025-03-16 20:52:43', '::1'),
(292, 7, 'User accessed home page.', '2025-03-16 20:52:47', '::1'),
(293, 7, 'User accessed log activity', '2025-03-16 20:52:53', '::1'),
(294, 7, 'User accessed log activity', '2025-03-16 20:53:48', '::1'),
(295, 7, 'User accessed log activity', '2025-03-16 20:55:30', '::1'),
(296, 7, 'User accessed log activity', '2025-03-16 20:57:01', '::1'),
(297, 7, 'User logged out', '2025-03-16 20:57:08', '::1'),
(298, 14, 'User logged in', '2025-03-16 20:57:22', '::1'),
(299, 14, 'User accessed home page.', '2025-03-16 20:57:25', '::1'),
(300, 14, 'User accessed log activity', '2025-03-16 20:57:31', '::1'),
(301, 14, 'User accessed log activity', '2025-03-16 20:57:44', '::1'),
(302, 14, 'User accessed home page.', '2025-03-16 22:05:54', '::1'),
(303, 14, 'User visitted course list', '2025-03-16 22:05:58', '::1'),
(304, 14, 'User Accessed Listing Page', '2025-03-16 22:06:03', '::1'),
(305, 14, 'You have massacred the exams', '2025-03-16 22:07:14', '::1'),
(306, 14, 'You have massacred the courses', '2025-03-16 22:09:30', '::1'),
(307, 14, 'User accessed home page.', '2025-03-16 22:10:06', '::1'),
(308, 14, 'User visitted course list', '2025-03-16 22:10:20', '::1'),
(309, 14, 'User deleted  course', '2025-03-16 22:10:41', '::1'),
(310, 14, 'User visitted course list', '2025-03-16 22:10:43', '::1'),
(311, 14, 'User accessed home page.', '2025-03-16 22:10:46', '::1'),
(312, 14, 'User accessed home page.', '2025-03-16 22:11:58', '::1'),
(313, 14, 'User visitted course list', '2025-03-16 22:16:25', '::1'),
(314, 14, 'User Accessed Listing Page', '2025-03-16 22:16:30', '::1'),
(315, 14, 'User\'s creating exam', '2025-03-16 22:16:34', '::1'),
(316, 14, 'User created Feature testing exam.', '2025-03-16 22:17:43', '::1'),
(317, 14, 'User Accessed Listing Page', '2025-03-16 22:17:44', '::1'),
(318, 14, 'User accessed Feature testing', '2025-03-16 22:19:39', '::1'),
(319, 14, 'User Accessed Listing Page', '2025-03-16 22:34:31', '::1'),
(320, 14, 'User updated Feature testing', '2025-03-16 22:34:58', '::1'),
(321, 14, 'User Accessed Listing Page', '2025-03-16 22:34:59', '::1'),
(322, 14, 'User accessed Feature testing', '2025-03-16 22:35:04', '::1'),
(323, 14, 'User answers Feature testing', '2025-03-16 22:35:22', '::1'),
(324, 14, 'User finished Feature testing', '2025-03-16 22:35:28', '::1'),
(325, 14, 'User accessed home page.', '2025-03-16 22:42:11', '139.194.44.187'),
(326, 14, 'User accessed log activity', '2025-03-16 22:43:32', '139.194.44.187'),
(327, 14, 'User accessed log activity', '2025-03-16 22:48:17', '139.194.44.187'),
(328, 14, 'User accessed log activity', '2025-03-16 22:51:10', '139.194.44.187'),
(329, 14, 'User accessed log activity', '2025-03-16 22:52:46', '139.194.44.187'),
(330, 14, 'User accessed log activity', '2025-03-16 22:53:35', '139.194.44.187'),
(331, 14, 'User accessed log activity', '2025-03-16 22:54:13', '139.194.44.187'),
(332, 14, 'User accessed log activity', '2025-03-16 22:54:35', '139.194.44.187'),
(333, 14, 'User accessed log activity', '2025-03-16 23:00:38', '139.194.44.187'),
(334, 14, 'User accessed log activity', '2025-03-16 23:06:42', '139.194.44.187'),
(335, 14, 'User accessed log activity', '2025-03-16 23:08:44', '139.194.44.187'),
(336, 14, 'User visitted exam history', '2025-03-16 23:10:37', '139.194.44.187'),
(337, 14, 'User accessed home page.', '2025-03-16 23:10:45', '139.194.44.187'),
(338, 14, 'You have massacred the users', '2025-03-16 23:17:01', '139.194.44.187'),
(339, 14, 'You have restored all user', '2025-03-16 23:22:18', '139.194.44.187'),
(340, 14, 'User accessed home page.', '2025-03-16 23:22:30', '139.194.44.187'),
(341, 14, 'User accessed home page.', '2025-03-16 23:24:04', '139.194.44.187'),
(342, 14, 'User accessed home page.', '2025-03-16 23:26:24', '139.194.44.187'),
(343, 14, 'User accessed home page.', '2025-03-16 23:26:39', '139.194.44.187'),
(344, 14, 'User accessed home page.', '2025-03-16 23:28:29', '139.194.44.187'),
(345, 14, 'User accessed log activity', '2025-03-16 23:29:02', '139.194.44.187'),
(346, 14, 'User accessed log activity', '2025-03-16 23:29:29', '139.194.44.187'),
(347, 14, 'User accessed log activity', '2025-03-16 23:30:03', '139.194.44.187'),
(348, 14, 'User accessed home page.', '2025-03-16 23:42:26', '139.194.44.187'),
(349, 14, 'User accessed home page.', '2025-03-16 23:42:33', '139.194.44.187'),
(350, 14, 'User accessed home page.', '2025-03-16 23:42:45', '139.194.44.187'),
(351, 14, 'User accessed home page.', '2025-03-17 00:05:47', '139.194.44.187'),
(352, 14, 'User visitted course list', '2025-03-17 00:05:51', '139.194.44.187'),
(353, 14, 'User accessed home page.', '2025-03-17 00:05:57', '139.194.44.187'),
(354, 14, 'User accessed home page.', '2025-03-17 00:06:41', '139.194.44.187'),
(355, 14, 'User visitted course list', '2025-03-17 00:06:48', '139.194.44.187'),
(356, 14, 'User Accessed Listing Page', '2025-03-17 00:06:54', '139.194.44.187'),
(357, 14, 'User visitted course list', '2025-03-17 00:07:05', '139.194.44.187'),
(358, 14, 'User accessed Feature testing', '2025-03-17 00:07:16', '139.194.44.187'),
(359, 14, 'User answers Feature testing', '2025-03-17 00:07:23', '139.194.44.187'),
(360, 14, 'User finished Feature testing', '2025-03-17 00:07:36', '139.194.44.187'),
(361, 14, 'User accessed Feature testing', '2025-03-17 00:07:48', '139.194.44.187'),
(362, 14, 'User seen Feature testing attempt list', '2025-03-17 00:07:52', '139.194.44.187'),
(363, 14, 'User visitted course list', '2025-03-17 00:08:15', '139.194.44.187'),
(364, 14, 'User Accessed Listing Page', '2025-03-17 00:08:21', '139.194.44.187'),
(365, 14, 'User\'s creating exam', '2025-03-17 00:08:25', '139.194.44.187'),
(366, 14, 'User Accessed Listing Page', '2025-03-17 00:09:17', '139.194.44.187'),
(367, 14, 'User\'s creating exam', '2025-03-17 00:09:23', '139.194.44.187'),
(368, 14, 'User\'s creating exam', '2025-03-17 00:10:01', '139.194.44.187'),
(369, 14, 'User Accessed Listing Page', '2025-03-17 00:10:42', '139.194.44.187'),
(370, 14, 'User accessed Feature testing', '2025-03-17 00:10:47', '139.194.44.187'),
(371, 14, 'User answers Feature testing', '2025-03-17 00:10:52', '139.194.44.187'),
(372, 14, 'User accessed Feature testing', '2025-03-17 00:11:41', '139.194.44.187'),
(373, 14, 'User accessed Feature testing', '2025-03-17 00:11:48', '139.194.44.187'),
(374, 14, 'User answers Feature testing', '2025-03-17 00:13:19', '139.194.44.187'),
(375, 14, 'User finished Feature testing', '2025-03-17 00:13:26', '139.194.44.187'),
(376, 14, 'User accessed Feature testing', '2025-03-17 00:13:32', '139.194.44.187'),
(377, 14, 'User answers Feature testing', '2025-03-17 00:13:38', '139.194.44.187'),
(378, 14, 'User finished Feature testing', '2025-03-17 00:13:44', '139.194.44.187'),
(379, 14, 'User accessed Feature testing', '2025-03-17 00:13:51', '139.194.44.187'),
(380, 14, 'User seen Feature testing attempt list', '2025-03-17 00:13:55', '139.194.44.187'),
(381, 14, 'User accessed home page.', '2025-03-17 00:19:42', '139.194.44.187'),
(382, 14, 'Updated website settings', '2025-03-17 00:52:04', '139.194.44.187'),
(383, 14, 'Updated website settings', '2025-03-17 00:52:39', '139.194.44.187'),
(384, 14, 'Updated website settings', '2025-03-17 00:52:47', '139.194.44.187'),
(385, 14, 'Updated website settings', '2025-03-17 00:53:03', '139.194.44.187'),
(386, 14, 'Updated website settings', '2025-03-17 00:54:14', '139.194.44.187'),
(387, 14, 'User logged out', '2025-03-17 00:55:57', '139.194.44.187'),
(388, 3, 'User logged in', '2025-03-17 00:56:12', '139.194.44.187'),
(389, 3, 'User accessed home page.', '2025-03-17 00:56:21', '139.194.44.187'),
(390, 7, 'User logged in', '2025-03-17 07:10:09', '202.67.47.25'),
(391, 7, 'User accessed home page.', '2025-03-17 07:10:16', '202.67.47.25'),
(392, 7, 'User visitted course list', '2025-03-17 07:10:37', '202.67.47.25'),
(393, 7, 'User Accessed Listing Page', '2025-03-17 07:10:59', '202.67.47.25'),
(394, 7, 'User visitted course list', '2025-03-17 07:14:55', '202.67.47.25'),
(395, 7, 'User visitted course list', '2025-03-17 07:15:18', '202.67.47.25'),
(396, 7, 'User visitted course list', '2025-03-17 07:15:57', '202.67.47.25'),
(397, 7, 'User visitted course list', '2025-03-17 07:18:18', '202.67.47.25'),
(398, 7, 'User visitted course list', '2025-03-17 07:18:45', '202.67.47.25'),
(399, 7, 'User visitted course list', '2025-03-17 07:19:08', '202.67.47.25'),
(400, 7, 'User accessed home page.', '2025-03-17 07:25:52', '202.67.47.25'),
(401, 7, 'User visitted course list', '2025-03-17 07:26:09', '202.67.47.25'),
(402, 7, 'User visitted course list', '2025-03-17 07:26:17', '202.67.47.25'),
(403, 7, 'User visitted course list', '2025-03-17 07:27:07', '202.67.47.25'),
(404, 7, 'User edited course: Test Edit', '2025-03-17 07:27:38', '202.67.47.25'),
(405, 7, 'User visitted course list', '2025-03-17 07:27:44', '202.67.47.25'),
(406, 7, 'User visitted course list', '2025-03-17 07:43:01', '202.67.47.25'),
(407, 7, 'User visitted course list', '2025-03-17 07:45:06', '202.67.47.25'),
(408, 7, 'User visitted course list', '2025-03-17 07:45:58', '202.67.47.25'),
(409, 7, 'User visitted course list', '2025-03-17 07:48:38', '202.67.47.25'),
(410, 7, 'User visitted course list', '2025-03-17 07:51:09', '202.67.47.25'),
(411, 7, 'User visitted course list', '2025-03-17 07:52:30', '202.67.47.25'),
(412, 7, 'User visitted course list', '2025-03-17 07:53:52', '202.67.47.25'),
(413, 7, 'User visitted course list', '2025-03-17 07:54:34', '202.67.47.25'),
(414, 7, 'User visitted course list', '2025-03-17 07:55:00', '202.67.47.25'),
(415, 7, 'User visitted course list', '2025-03-17 08:01:22', '202.67.47.25'),
(416, 7, 'User visitted course list', '2025-03-17 08:02:35', '202.67.47.25'),
(417, 7, 'User visitted course list', '2025-03-17 08:05:17', '202.67.47.25'),
(418, 7, 'User visitted course list', '2025-03-17 08:06:27', '202.67.47.25'),
(419, 7, 'User visitted course list', '2025-03-17 08:07:41', '202.67.47.25'),
(420, 7, 'User visitted course list', '2025-03-17 08:08:43', '202.67.47.25'),
(421, 7, 'User visitted course list', '2025-03-17 08:15:08', '202.67.47.25'),
(422, 14, 'User logged in', '2025-03-17 08:15:43', '202.67.47.25'),
(423, 14, 'User accessed home page.', '2025-03-17 08:15:50', '202.67.47.25'),
(424, 14, 'User accessed home page.', '2025-03-17 08:16:26', '202.67.47.25'),
(425, 14, 'User visitted course list', '2025-03-17 08:16:39', '202.67.47.25'),
(426, 14, 'User accessed home page.', '2025-03-17 08:16:50', '202.67.47.25'),
(427, 7, 'User logged in', '2025-03-17 08:18:22', '202.67.47.25'),
(428, 7, 'User accessed home page.', '2025-03-17 08:18:29', '202.67.47.25'),
(429, 7, 'User visitted course list', '2025-03-17 08:18:38', '202.67.47.25'),
(430, 14, 'User visitted course list', '2025-03-17 08:18:57', '202.67.47.25'),
(431, 14, 'User visitted course list', '2025-03-17 08:19:37', '202.67.47.25'),
(432, 14, 'User visitted course list', '2025-03-17 08:26:25', '202.67.47.25'),
(433, 14, 'User visitted course list', '2025-03-17 08:44:25', '36.68.177.64'),
(434, 14, 'User accessed home page.', '2025-03-17 08:44:34', '36.68.177.64'),
(435, 14, 'User accessed home page.', '2025-03-17 08:47:24', '36.68.177.64'),
(436, 14, 'User visitted course list', '2025-03-17 08:47:50', '36.68.177.64'),
(437, 14, 'User Accessed Listing Page', '2025-03-17 08:50:41', '36.68.177.64'),
(438, 14, 'User accessed Feature testing', '2025-03-17 08:50:52', '36.68.177.64'),
(439, 14, 'User Accessed Listing Page', '2025-03-17 08:55:27', '36.68.177.64'),
(440, 14, 'User Accessed Listing Page', '2025-03-17 09:04:26', '36.68.177.64'),
(441, 14, 'User Accessed Listing Page', '2025-03-17 09:05:15', '36.68.177.64'),
(442, 14, 'User Accessed Listing Page', '2025-03-17 09:06:54', '36.68.177.64'),
(443, 14, 'User accessed Feature testing', '2025-03-17 09:07:31', '36.68.177.64'),
(444, 14, 'User seen Feature testing attempt list', '2025-03-17 09:07:40', '36.68.177.64'),
(445, 14, 'User printed Feature testing\'s report', '2025-03-17 09:09:30', '36.68.177.64'),
(446, 14, 'User accessed Feature testing', '2025-03-17 09:16:42', '36.68.177.64'),
(447, 3, 'User logged in', '2025-03-17 09:31:36', '36.68.177.64'),
(448, 3, 'User accessed home page.', '2025-03-17 09:31:43', '36.68.177.64'),
(449, 3, 'User accessed home page.', '2025-03-17 09:32:37', '36.68.177.64'),
(450, 3, 'User visitted course list', '2025-03-17 09:34:32', '36.68.177.64'),
(451, 3, 'User Accessed Listing Page', '2025-03-17 09:35:56', '36.68.177.64'),
(452, 3, 'User accessed Feature testing', '2025-03-17 09:36:07', '36.68.177.64'),
(453, 3, 'User answers Feature testing', '2025-03-17 09:36:27', '36.68.177.64'),
(454, 3, 'User finished Feature testing', '2025-03-17 09:36:41', '36.68.177.64'),
(455, 3, 'User accessed Feature testing', '2025-03-17 09:37:00', '36.68.177.64'),
(456, 3, 'User answers Feature testing', '2025-03-17 09:37:12', '36.68.177.64'),
(457, 3, 'User finished Feature testing', '2025-03-17 09:37:24', '36.68.177.64'),
(458, 7, 'User accessed home page.', '2025-03-17 10:09:11', '36.68.177.64'),
(459, 3, 'User logged in', '2025-03-17 15:32:12', '139.194.46.148'),
(460, 3, 'User accessed home page.', '2025-03-17 15:32:20', '139.194.46.148'),
(461, 3, 'User visitted course list', '2025-03-17 15:32:59', '139.194.46.148'),
(462, 3, 'User Accessed Listing Page', '2025-03-17 15:34:01', '139.194.46.148'),
(463, 3, 'User accessed test exam setting', '2025-03-17 15:34:11', '139.194.46.148'),
(464, 3, 'User answers test exam setting', '2025-03-17 15:34:43', '139.194.46.148'),
(465, 3, 'User finished test exam setting', '2025-03-17 15:34:53', '139.194.46.148'),
(466, 3, 'User accessed test exam setting', '2025-03-17 15:35:13', '139.194.46.148'),
(467, 3, 'User seen test exam setting attempt list', '2025-03-17 15:35:29', '139.194.46.148'),
(468, 3, 'User accessed test exam setting', '2025-03-17 15:36:28', '139.194.46.148'),
(469, 3, 'User accessed test exam setting', '2025-03-17 15:36:35', '139.194.46.148'),
(470, 3, 'User visitted course list', '2025-03-17 15:36:48', '139.194.46.148'),
(471, 3, 'User accessed home page.', '2025-03-17 15:37:18', '139.194.46.148'),
(472, 3, 'User visitted course list', '2025-03-17 15:37:30', '139.194.46.148'),
(473, 3, 'User visitted course list', '2025-03-17 16:00:48', '139.194.46.148'),
(474, 3, 'User accessed home page.', '2025-03-17 16:01:19', '139.194.46.148'),
(475, 3, 'User visitted course list', '2025-03-17 16:01:26', '139.194.46.148'),
(476, 3, 'User Accessed Listing Page', '2025-03-17 16:01:33', '139.194.46.148'),
(477, 3, 'User\'s creating exam', '2025-03-17 16:01:40', '139.194.46.148'),
(478, 3, 'User\'s creating exam', '2025-03-17 16:12:48', '139.194.46.148'),
(479, 3, 'User\'s creating exam', '2025-03-17 16:16:09', '139.194.46.148'),
(480, 3, 'User\'s creating exam', '2025-03-17 16:24:07', '139.194.46.148'),
(481, 3, 'User created sdfghjk exam.', '2025-03-17 16:24:46', '139.194.46.148'),
(482, 3, 'User Accessed Listing Page', '2025-03-17 16:24:48', '139.194.46.148'),
(483, 3, 'User accessed sdfghjk', '2025-03-17 16:24:58', '139.194.46.148'),
(484, 3, 'User deleted an exam', '2025-03-17 16:28:37', '139.194.46.148'),
(485, 3, 'User Accessed Listing Page', '2025-03-17 16:28:39', '139.194.46.148'),
(486, 3, 'User deleted an exam', '2025-03-17 16:28:47', '139.194.46.148'),
(487, 3, 'User Accessed Listing Page', '2025-03-17 16:28:52', '139.194.46.148'),
(488, 3, 'User deleted an exam', '2025-03-17 16:29:03', '139.194.46.148'),
(489, 3, 'User Accessed Listing Page', '2025-03-17 16:29:04', '139.194.46.148'),
(490, 3, 'User deleted an exam', '2025-03-17 16:29:10', '139.194.46.148'),
(491, 3, 'User Accessed Listing Page', '2025-03-17 16:29:12', '139.194.46.148'),
(492, 14, 'User logged in', '2025-03-17 16:30:28', '139.194.46.148'),
(493, 14, 'User accessed home page.', '2025-03-17 16:30:32', '139.194.46.148'),
(494, 14, 'You have massacred the exams', '2025-03-17 16:30:47', '139.194.46.148'),
(495, 3, 'User\'s creating exam', '2025-03-17 16:31:23', '139.194.46.148'),
(496, 3, 'User created test made exam exam.', '2025-03-17 16:31:52', '139.194.46.148'),
(497, 3, 'User Accessed Listing Page', '2025-03-17 16:31:54', '139.194.46.148'),
(498, 3, 'User accessed test made exam', '2025-03-17 16:31:59', '139.194.46.148'),
(499, 3, 'User\'s creating exam', '2025-03-17 16:34:25', '139.194.46.148'),
(500, 3, 'User created What is bro cooking?? exam.', '2025-03-17 16:34:47', '139.194.46.148'),
(501, 3, 'User Accessed Listing Page', '2025-03-17 16:34:49', '139.194.46.148'),
(502, 3, 'User accessed What is bro cooking??', '2025-03-17 16:34:54', '139.194.46.148'),
(503, 3, 'User Accessed Listing Page', '2025-03-17 16:49:23', '139.194.46.148'),
(504, 3, 'User\'s creating exam', '2025-03-17 16:51:24', '139.194.46.148'),
(505, 3, 'User\'s creating exam', '2025-03-17 16:56:19', '139.194.46.148'),
(506, 3, 'User\'s creating exam', '2025-03-17 16:59:36', '139.194.46.148'),
(507, 3, 'User created test essay question exam.', '2025-03-17 17:05:48', '139.194.46.148'),
(508, 3, 'User Accessed Listing Page', '2025-03-17 17:05:49', '139.194.46.148'),
(509, 3, 'User accessed test essay question', '2025-03-17 17:05:52', '139.194.46.148'),
(510, 3, 'User answers test essay question', '2025-03-17 17:06:00', '139.194.46.148'),
(511, 3, 'User finished test essay question', '2025-03-17 17:06:08', '139.194.46.148'),
(512, 3, 'User accessed test essay question', '2025-03-17 17:06:16', '139.194.46.148'),
(513, 3, 'User seen test essay question attempt list', '2025-03-17 17:06:23', '139.194.46.148'),
(514, 3, 'User answers test essay question', '2025-03-17 17:11:53', '139.194.46.148'),
(515, 3, 'User answers test essay question', '2025-03-17 17:13:52', '139.194.46.148'),
(516, 3, 'User answers test essay question', '2025-03-17 17:18:57', '139.194.46.148'),
(517, 3, 'User finished test essay question', '2025-03-17 17:19:18', '139.194.46.148'),
(518, 3, 'User accessed test essay question', '2025-03-17 17:19:26', '139.194.46.148'),
(519, 3, 'User seen test essay question attempt list', '2025-03-17 17:19:31', '139.194.46.148'),
(520, 3, 'User answers test essay question', '2025-03-17 17:19:42', '139.194.46.148'),
(521, 3, 'User finished test essay question', '2025-03-17 17:25:10', '139.194.46.148'),
(522, 3, 'User accessed test essay question', '2025-03-17 17:27:58', '139.194.46.148'),
(523, 3, 'User seen test essay question attempt list', '2025-03-17 17:28:03', '139.194.46.148'),
(524, 3, 'User answers test essay question', '2025-03-17 17:30:06', '139.194.46.148'),
(525, 3, 'User finished test essay question', '2025-03-17 17:30:18', '139.194.46.148'),
(526, 3, 'User accessed test essay question', '2025-03-17 17:30:25', '139.194.46.148'),
(527, 3, 'User answers test essay question', '2025-03-17 17:32:15', '139.194.46.148'),
(528, 3, 'User finished test essay question', '2025-03-17 17:32:28', '139.194.46.148'),
(529, 3, 'User accessed test essay question', '2025-03-17 17:32:35', '139.194.46.148'),
(530, 3, 'User answers test essay question', '2025-03-17 17:33:04', '139.194.46.148'),
(531, 3, 'User finished test essay question', '2025-03-17 17:33:22', '139.194.46.148'),
(532, 3, 'User accessed test essay question', '2025-03-17 17:36:15', '139.194.46.148'),
(533, 3, 'User answers test essay question', '2025-03-17 17:36:19', '139.194.46.148'),
(534, 3, 'User finished test essay question', '2025-03-17 17:38:05', '139.194.46.148'),
(535, 3, 'User accessed test essay question', '2025-03-17 17:38:12', '139.194.46.148'),
(536, 3, 'User answers test essay question', '2025-03-17 17:42:51', '139.194.46.148'),
(537, 3, 'User finished test essay question', '2025-03-17 17:42:58', '139.194.46.148'),
(538, 3, 'User logged in', '2025-03-17 17:46:41', '139.194.46.148'),
(539, 3, 'User accessed home page.', '2025-03-17 17:46:52', '139.194.46.148'),
(540, 3, 'User visitted course list', '2025-03-17 17:47:11', '139.194.46.148'),
(541, 3, 'User Accessed Listing Page', '2025-03-17 19:15:56', '139.194.46.148'),
(542, 3, 'User accessed Feature testing', '2025-03-17 19:16:27', '139.194.46.148'),
(543, 3, 'User answers Feature testing', '2025-03-17 19:16:42', '139.194.46.148'),
(544, 3, 'User finished Feature testing', '2025-03-17 19:16:47', '139.194.46.148'),
(545, 3, 'User accessed Feature testing', '2025-03-17 19:16:56', '139.194.46.148'),
(546, 3, 'User accessed home page.', '2025-03-17 19:17:01', '139.194.46.148'),
(547, 3, 'User visitted course list', '2025-03-17 19:17:26', '139.194.46.148'),
(548, 3, 'User Accessed Listing Page', '2025-03-17 19:17:31', '139.194.46.148'),
(549, 3, 'User accessed test essay question', '2025-03-17 19:17:53', '139.194.46.148'),
(550, 3, 'User answers test essay question', '2025-03-17 19:18:05', '139.194.46.148'),
(551, 3, 'User finished test essay question', '2025-03-17 19:18:17', '139.194.46.148'),
(552, 3, 'User accessed test essay question', '2025-03-17 19:22:56', '139.194.46.148'),
(553, 3, 'User answers test essay question', '2025-03-17 19:23:09', '139.194.46.148'),
(554, 3, 'User finished test essay question', '2025-03-17 19:23:21', '139.194.46.148'),
(555, 3, 'User accessed test essay question', '2025-03-17 19:23:31', '139.194.46.148'),
(556, 3, 'User seen test essay question attempt list', '2025-03-17 19:23:37', '139.194.46.148'),
(557, 3, 'User deleted an attempt', '2025-03-17 19:25:03', '139.194.46.148'),
(558, 3, 'User seen test essay question attempt list', '2025-03-17 19:25:05', '139.194.46.148'),
(559, 3, 'User printed test essay question\'s report', '2025-03-17 19:25:50', '139.194.46.148'),
(560, 3, 'User seen test essay question attempt list', '2025-03-17 19:30:10', '139.194.46.148'),
(561, 3, 'User accessed test essay question', '2025-03-17 19:30:14', '139.194.46.148'),
(562, 3, 'User answers test essay question', '2025-03-17 19:30:21', '139.194.46.148'),
(563, 3, 'User answers test essay question', '2025-03-17 19:30:45', '139.194.46.148'),
(564, 3, 'User answers test essay question', '2025-03-17 19:31:05', '139.194.46.148'),
(565, 3, 'User answers test essay question', '2025-03-17 19:31:22', '139.194.46.148'),
(566, 3, 'User finished test essay question', '2025-03-17 19:31:39', '139.194.46.148'),
(567, 3, 'User accessed test essay question', '2025-03-17 19:32:06', '139.194.46.148'),
(568, 3, 'User seen test essay question attempt list', '2025-03-17 19:32:16', '139.194.46.148'),
(569, 3, 'User seen test essay question attempt list', '2025-03-17 19:40:05', '139.194.46.148'),
(570, 3, 'User seen test essay question attempt list', '2025-03-17 19:40:31', '139.194.46.148'),
(571, 3, 'User seen test essay question attempt list', '2025-03-17 19:43:09', '139.194.46.148'),
(572, 3, 'User seen test essay question attempt list', '2025-03-17 19:52:57', '139.194.46.148'),
(573, 3, 'User seen test essay question attempt list', '2025-03-17 20:08:19', '139.194.46.148'),
(574, 3, 'User logged in', '2025-03-17 20:10:24', '139.194.46.148'),
(575, 3, 'User accessed home page.', '2025-03-17 20:10:30', '139.194.46.148'),
(576, 3, 'User visitted course list', '2025-03-17 20:10:56', '139.194.46.148'),
(577, 3, 'User Accessed Listing Page', '2025-03-17 20:11:05', '139.194.46.148'),
(578, 3, 'User accessed test essay question', '2025-03-17 20:11:18', '139.194.46.148'),
(579, 3, 'User seen test essay question attempt list', '2025-03-17 20:11:32', '139.194.46.148'),
(580, 3, 'User seen test essay question attempt list', '2025-03-17 20:13:44', '139.194.46.148'),
(581, 3, 'User seen test essay question attempt list', '2025-03-17 20:16:00', '139.194.46.148'),
(582, 3, 'User seen test essay question attempt list', '2025-03-17 20:18:10', '139.194.46.148'),
(583, 3, 'User seen test essay question attempt list', '2025-03-17 20:22:27', '139.194.46.148'),
(584, 3, 'User seen test essay question attempt list', '2025-03-17 20:23:11', '139.194.46.148'),
(585, 3, 'User seen test essay question attempt list', '2025-03-17 20:23:31', '139.194.46.148'),
(586, 3, 'User seen test essay question attempt list', '2025-03-17 20:24:25', '139.194.46.148'),
(587, 3, 'User seen test essay question attempt list', '2025-03-17 20:29:28', '139.194.46.148'),
(588, 3, 'User printed test essay question\'s report', '2025-03-17 20:30:59', '139.194.46.148'),
(589, 3, 'User seen test essay question attempt list', '2025-03-17 20:32:14', '139.194.46.148'),
(590, 3, 'User printed test essay question\'s report', '2025-03-17 20:33:09', '139.194.46.148'),
(591, 3, 'User seen test essay question attempt list', '2025-03-17 20:34:52', '139.194.46.148'),
(592, 3, 'User printed test essay question\'s report', '2025-03-17 20:35:09', '139.194.46.148'),
(593, 3, 'User seen test essay question attempt list', '2025-03-17 20:39:07', '139.194.46.148'),
(594, 3, 'User seen test essay question attempt list', '2025-03-17 20:39:35', '139.194.46.148'),
(595, 3, 'User printed test essay question\'s report', '2025-03-17 20:39:50', '139.194.46.148'),
(596, 3, 'User seen test essay question attempt list', '2025-03-17 20:56:53', '139.194.46.148'),
(597, 3, 'User seen test essay question attempt list', '2025-03-17 20:59:35', '139.194.46.148'),
(598, 3, 'User seen test essay question attempt list', '2025-03-17 21:02:19', '139.194.46.148'),
(599, 3, 'User seen test essay question attempt list', '2025-03-17 21:05:15', '139.194.46.148'),
(600, 3, 'User seen test essay question attempt list', '2025-03-17 21:05:42', '139.194.46.148'),
(601, 3, 'User seen test essay question attempt list', '2025-03-17 21:59:05', '139.194.46.148'),
(602, 3, 'User deleted an attempt', '2025-03-17 21:59:32', '139.194.46.148'),
(603, 3, 'User seen test essay question attempt list', '2025-03-17 21:59:40', '139.194.46.148'),
(604, 3, 'User deleted an attempt', '2025-03-17 22:00:01', '139.194.46.148'),
(605, 3, 'User seen test essay question attempt list', '2025-03-17 22:00:07', '139.194.46.148'),
(606, 3, 'User seen test essay question attempt list', '2025-03-17 22:00:29', '139.194.46.148'),
(607, 3, 'User deleted an attempt', '2025-03-17 22:00:40', '139.194.46.148'),
(608, 3, 'User seen test essay question attempt list', '2025-03-17 22:00:46', '139.194.46.148'),
(609, 3, 'User deleted an attempt', '2025-03-17 22:00:58', '139.194.46.148'),
(610, 3, 'User seen test essay question attempt list', '2025-03-17 22:01:05', '139.194.46.148'),
(611, 3, 'User deleted an attempt', '2025-03-17 22:01:14', '139.194.46.148'),
(612, 3, 'User seen test essay question attempt list', '2025-03-17 22:01:20', '139.194.46.148'),
(613, 3, 'User deleted an attempt', '2025-03-17 22:01:37', '139.194.46.148'),
(614, 3, 'User seen test essay question attempt list', '2025-03-17 22:01:45', '139.194.46.148'),
(615, 3, 'User deleted an attempt', '2025-03-17 22:02:06', '139.194.46.148'),
(616, 3, 'User seen test essay question attempt list', '2025-03-17 22:02:13', '139.194.46.148'),
(617, 3, 'User seen test essay question attempt list', '2025-03-17 22:07:48', '139.194.46.148'),
(618, 3, 'User seen test essay question attempt list', '2025-03-17 22:08:13', '139.194.46.148'),
(619, 3, 'User seen test essay question attempt list', '2025-03-17 22:08:57', '139.194.46.148'),
(620, 3, 'User seen test essay question attempt list', '2025-03-17 22:09:16', '139.194.46.148'),
(621, 3, 'User seen test essay question attempt list', '2025-03-17 22:14:54', '139.194.46.148'),
(622, 3, 'User seen test essay question attempt list', '2025-03-17 22:16:55', '139.194.46.148'),
(623, 3, 'User seen test essay question attempt list', '2025-03-17 22:18:56', '139.194.46.148'),
(624, 3, 'User seen test essay question attempt list', '2025-03-17 22:20:39', '139.194.46.148'),
(625, 3, 'User seen test essay question attempt list', '2025-03-17 22:21:22', '139.194.46.148'),
(626, 3, 'User seen test essay question attempt list', '2025-03-17 22:22:40', '139.194.46.148'),
(627, 3, 'User seen test essay question attempt list', '2025-03-17 22:24:08', '139.194.46.148'),
(628, 3, 'User seen test essay question attempt list', '2025-03-17 22:24:35', '139.194.46.148'),
(629, 3, 'User deleted an attempt', '2025-03-17 22:25:19', '139.194.46.148'),
(630, 3, 'User seen test essay question attempt list', '2025-03-17 22:25:25', '139.194.46.148'),
(631, 3, 'User deleted an attempt', '2025-03-17 22:25:35', '139.194.46.148'),
(632, 3, 'User seen test essay question attempt list', '2025-03-17 22:25:41', '139.194.46.148'),
(633, 3, 'User deleted an attempt', '2025-03-17 22:25:50', '139.194.46.148'),
(634, 3, 'User seen test essay question attempt list', '2025-03-17 22:25:56', '139.194.46.148'),
(635, 3, 'User accessed home page.', '2025-03-17 22:26:11', '139.194.46.148'),
(636, 3, 'User visitted course list', '2025-03-17 22:26:18', '139.194.46.148'),
(637, 3, 'User Accessed Listing Page', '2025-03-17 22:26:27', '139.194.46.148'),
(638, 3, 'User deleted an exam', '2025-03-17 22:26:41', '139.194.46.148'),
(639, 3, 'User Accessed Listing Page', '2025-03-17 22:26:48', '139.194.46.148'),
(640, 3, 'User accessed test essay question', '2025-03-17 22:26:57', '139.194.46.148'),
(641, 3, 'User answers test essay question', '2025-03-17 22:27:16', '139.194.46.148'),
(642, 3, 'User finished test essay question', '2025-03-17 22:27:49', '139.194.46.148'),
(643, 3, 'User accessed test essay question', '2025-03-17 22:28:09', '139.194.46.148'),
(644, 3, 'User seen test essay question attempt list', '2025-03-17 22:28:18', '139.194.46.148'),
(645, 3, 'User seen test essay question attempt list', '2025-03-17 22:33:33', '139.194.46.148'),
(646, 3, 'User deleted an attempt', '2025-03-17 22:33:57', '139.194.46.148'),
(647, 3, 'User seen test essay question attempt list', '2025-03-17 22:34:05', '139.194.46.148'),
(648, 3, 'User accessed home page.', '2025-03-17 22:34:42', '139.194.46.148'),
(649, 3, 'User visitted course list', '2025-03-17 22:34:53', '139.194.46.148'),
(650, 3, 'User Accessed Listing Page', '2025-03-17 22:35:22', '139.194.46.148'),
(651, 3, 'User Accessed Listing Page', '2025-03-17 22:53:32', '139.194.46.148'),
(652, 3, 'User updated test essay question', '2025-03-17 23:05:10', '139.194.46.148'),
(653, 3, 'User Accessed Listing Page', '2025-03-17 23:05:19', '139.194.46.148'),
(654, 3, 'User accessed test essay question', '2025-03-17 23:05:50', '139.194.46.148'),
(655, 3, 'User answers test essay question', '2025-03-17 23:06:01', '139.194.46.148'),
(656, 3, 'User finished test essay question', '2025-03-17 23:06:29', '139.194.46.148'),
(657, 3, 'User accessed test essay question', '2025-03-17 23:06:46', '139.194.46.148'),
(658, 3, 'User seen test essay question attempt list', '2025-03-17 23:06:57', '139.194.46.148'),
(659, 3, 'User seen test essay question attempt list', '2025-03-17 23:07:35', '139.194.46.148'),
(660, 3, 'User seen test essay question attempt list', '2025-03-17 23:12:22', '139.194.46.148'),
(661, 3, 'User seen test essay question attempt list', '2025-03-17 23:12:39', '139.194.46.148'),
(662, 3, 'User accessed test essay question', '2025-03-17 23:12:52', '139.194.46.148'),
(663, 3, 'User answers test essay question', '2025-03-17 23:13:07', '139.194.46.148'),
(664, 3, 'User finished test essay question', '2025-03-17 23:13:26', '139.194.46.148'),
(665, 3, 'User accessed test essay question', '2025-03-17 23:13:43', '139.194.46.148');
INSERT INTO `log_activity` (`id_log`, `id_user`, `what_happens`, `happens_at`, `ip_address`) VALUES
(666, 3, 'User seen test essay question attempt list', '2025-03-17 23:13:52', '139.194.46.148'),
(667, 3, 'User seen test essay question attempt list', '2025-03-17 23:18:59', '139.194.46.148'),
(668, 3, 'User visitted course list', '2025-03-17 23:21:59', '139.194.46.148'),
(669, 3, 'User Accessed Listing Page', '2025-03-17 23:22:12', '139.194.46.148'),
(670, 3, 'User accessed test essay question', '2025-03-17 23:22:23', '139.194.46.148'),
(671, 3, 'User seen test essay question attempt list', '2025-03-17 23:22:35', '139.194.46.148'),
(672, 3, 'User answers test essay question', '2025-03-17 23:22:46', '139.194.46.148'),
(673, 3, 'User finished test essay question', '2025-03-17 23:23:00', '139.194.46.148'),
(674, 3, 'User accessed test essay question', '2025-03-17 23:23:17', '139.194.46.148'),
(675, 3, 'User seen test essay question attempt list', '2025-03-17 23:23:27', '139.194.46.148'),
(676, 3, 'User seen test essay question attempt list', '2025-03-17 23:23:55', '139.194.46.148'),
(677, 3, 'User deleted an attempt', '2025-03-17 23:25:13', '139.194.46.148'),
(678, 3, 'User seen test essay question attempt list', '2025-03-17 23:25:19', '139.194.46.148'),
(679, 3, 'User deleted an attempt', '2025-03-17 23:25:31', '139.194.46.148'),
(680, 3, 'User seen test essay question attempt list', '2025-03-17 23:25:37', '139.194.46.148'),
(681, 3, 'User printed test essay question\'s report', '2025-03-17 23:26:12', '139.194.46.148'),
(682, 3, 'User seen test essay question attempt list', '2025-03-17 23:26:41', '139.194.46.148'),
(683, 3, 'User seen test essay question attempt list', '2025-03-17 23:26:50', '139.194.46.148'),
(684, 3, 'User seen test essay question attempt list', '2025-03-17 23:27:11', '139.194.46.148'),
(685, 3, 'User deleted an attempt', '2025-03-17 23:27:23', '139.194.46.148'),
(686, 3, 'User seen test essay question attempt list', '2025-03-17 23:27:31', '139.194.46.148'),
(687, 7, 'User logged in', '2025-03-17 23:28:16', '139.194.46.148'),
(688, 7, 'User accessed home page.', '2025-03-17 23:28:26', '139.194.46.148'),
(689, 7, 'User visitted course list', '2025-03-17 23:28:37', '139.194.46.148'),
(690, 7, 'User Accessed Listing Page', '2025-03-17 23:28:43', '139.194.46.148'),
(691, 7, 'User accessed Feature testing', '2025-03-17 23:28:49', '139.194.46.148'),
(692, 7, 'User answers Feature testing', '2025-03-17 23:28:59', '139.194.46.148'),
(693, 7, 'User finished Feature testing', '2025-03-17 23:29:07', '139.194.46.148'),
(694, 7, 'User accessed Feature testing', '2025-03-17 23:29:22', '139.194.46.148'),
(695, 7, 'User accessed home page.', '2025-03-17 23:32:05', '139.194.46.148'),
(696, 7, 'User visitted course list', '2025-03-17 23:32:10', '139.194.46.148'),
(697, 7, 'User Accessed Listing Page', '2025-03-17 23:32:15', '139.194.46.148'),
(698, 7, 'User accessed Feature testing', '2025-03-17 23:32:20', '139.194.46.148'),
(699, 7, 'User answers Feature testing', '2025-03-17 23:32:25', '139.194.46.148'),
(700, 7, 'User finished Feature testing', '2025-03-17 23:32:30', '139.194.46.148'),
(701, 7, 'User accessed Feature testing', '2025-03-17 23:32:40', '139.194.46.148'),
(702, 7, 'User answers Feature testing', '2025-03-17 23:32:45', '139.194.46.148'),
(703, 7, 'User finished Feature testing', '2025-03-17 23:32:50', '139.194.46.148'),
(704, 7, 'User accessed Feature testing', '2025-03-17 23:33:02', '139.194.46.148'),
(705, 7, 'User accessed Feature testing', '2025-03-17 23:37:28', '139.194.46.148'),
(706, 7, 'User answers Feature testing', '2025-03-17 23:37:32', '139.194.46.148'),
(707, 7, 'User finished Feature testing', '2025-03-17 23:37:37', '139.194.46.148'),
(708, 7, 'User accessed Feature testing', '2025-03-17 23:44:12', '139.194.46.148'),
(709, 7, 'User answers Feature testing', '2025-03-17 23:44:19', '139.194.46.148'),
(710, 7, 'User finished Feature testing', '2025-03-17 23:44:23', '139.194.46.148'),
(711, 3, 'User seen test essay question attempt list', '2025-03-17 23:54:36', '139.194.46.148'),
(712, 7, 'User accessed Feature testing', '2025-03-17 23:56:30', '139.194.46.148'),
(713, 3, 'User seen test essay question attempt list', '2025-03-17 23:56:44', '139.194.46.148'),
(714, 3, 'User accessed home page.', '2025-03-17 23:56:48', '139.194.46.148'),
(715, 3, 'User visitted course list', '2025-03-17 23:56:52', '139.194.46.148'),
(716, 3, 'User Accessed Listing Page', '2025-03-17 23:56:56', '139.194.46.148'),
(717, 3, 'User logged out', '2025-03-17 23:57:18', '139.194.46.148'),
(718, 14, 'User logged in', '2025-03-17 23:57:28', '139.194.46.148'),
(719, 14, 'User accessed home page.', '2025-03-17 23:57:31', '139.194.46.148'),
(720, 14, 'User visitted course list', '2025-03-17 23:57:50', '139.194.46.148'),
(721, 14, 'User Accessed Listing Page', '2025-03-17 23:57:54', '139.194.46.148'),
(722, 14, 'User accessed Feature testing', '2025-03-17 23:57:59', '139.194.46.148'),
(723, 14, 'User seen Feature testing attempt list', '2025-03-17 23:58:04', '139.194.46.148'),
(724, 14, 'User printed Feature testing\'s report', '2025-03-17 23:58:17', '139.194.46.148'),
(725, 14, 'User Accessed Listing Page', '2025-03-17 23:58:49', '139.194.46.148'),
(726, 14, 'User Accessed Listing Page', '2025-03-17 23:58:55', '139.194.46.148'),
(727, 14, 'User accessed test essay question', '2025-03-17 23:58:59', '139.194.46.148'),
(728, 14, 'User answers test essay question', '2025-03-17 23:59:06', '139.194.46.148'),
(729, 14, 'User finished test essay question', '2025-03-17 23:59:14', '139.194.46.148'),
(730, 14, 'User accessed test essay question', '2025-03-17 23:59:17', '139.194.46.148'),
(731, 14, 'User seen test essay question attempt list', '2025-03-17 23:59:20', '139.194.46.148'),
(732, 14, 'User seen test essay question attempt list', '2025-03-17 23:59:32', '139.194.46.148'),
(733, 14, 'User seen test essay question attempt list', '2025-03-18 00:03:50', '139.194.46.148'),
(734, 14, 'User seen test essay question attempt list', '2025-03-18 00:05:35', '139.194.46.148'),
(735, 14, 'User seen test essay question attempt list', '2025-03-18 00:06:37', '139.194.46.148'),
(736, 14, 'User seen test essay question attempt list', '2025-03-18 00:06:56', '139.194.46.148'),
(737, 14, 'User seen test essay question attempt list', '2025-03-18 00:07:37', '139.194.46.148'),
(738, 14, 'User seen test essay question attempt list', '2025-03-18 00:07:44', '139.194.46.148'),
(739, 14, 'User seen test essay question attempt list', '2025-03-18 00:08:55', '139.194.46.148'),
(740, 14, 'User seen test essay question attempt list', '2025-03-18 00:09:12', '139.194.46.148'),
(741, 14, 'User seen test essay question attempt list', '2025-03-18 00:09:22', '139.194.46.148'),
(742, 14, 'User accessed home page.', '2025-03-18 00:09:41', '139.194.46.148'),
(743, 14, 'User visitted course list', '2025-03-18 00:12:32', '139.194.46.148'),
(744, 14, 'User Accessed Listing Page', '2025-03-18 00:13:58', '139.194.46.148'),
(745, 14, 'User Accessed Listing Page', '2025-03-18 00:14:06', '139.194.46.148'),
(746, 14, 'User accessed home page.', '2025-03-18 00:25:40', '139.194.46.148'),
(747, 14, 'User accessed settings', '2025-03-18 00:27:14', '139.194.46.148'),
(748, 7, 'User accessed home page.', '2025-03-18 00:33:39', '139.194.46.148'),
(749, 7, 'User logged out', '2025-03-18 00:33:46', '139.194.46.148'),
(750, 14, 'User logged out', '2025-03-18 00:35:23', '139.194.46.148'),
(751, 17, 'User logged in', '2025-03-18 00:36:09', '139.194.46.148'),
(752, 17, 'User accessed home page.', '2025-03-18 00:36:11', '139.194.46.148'),
(753, 17, 'User visitted course list', '2025-03-18 00:36:19', '139.194.46.148'),
(754, 17, 'User added RPL 11 B - MATEMATIKA course', '2025-03-18 00:36:31', '139.194.46.148'),
(755, 17, 'User visitted course list', '2025-03-18 00:36:32', '139.194.46.148'),
(756, 17, 'User Accessed Listing Page', '2025-03-18 00:36:36', '139.194.46.148'),
(757, 17, 'User\'s creating exam', '2025-03-18 00:36:40', '139.194.46.148'),
(758, 17, 'User created Matematika exam.', '2025-03-18 00:38:38', '139.194.46.148'),
(759, 17, 'User Accessed Listing Page', '2025-03-18 00:38:39', '139.194.46.148'),
(760, 17, 'User accessed Matematika', '2025-03-18 00:38:42', '139.194.46.148'),
(761, 17, 'User answers Matematika', '2025-03-18 00:38:49', '139.194.46.148'),
(762, 17, 'User finished Matematika', '2025-03-18 00:39:04', '139.194.46.148'),
(763, 17, 'User accessed Matematika', '2025-03-18 00:39:11', '139.194.46.148'),
(764, 17, 'User seen Matematika attempt list', '2025-03-18 00:39:15', '139.194.46.148'),
(765, 17, 'User seen Matematika attempt list', '2025-03-18 00:39:29', '139.194.46.148'),
(766, 17, 'User printed Matematika\'s report', '2025-03-18 00:39:45', '139.194.46.148'),
(767, 17, 'User deleted an attempt', '2025-03-18 00:40:11', '139.194.46.148'),
(768, 17, 'User seen Matematika attempt list', '2025-03-18 00:40:13', '139.194.46.148'),
(769, 17, 'User accessed home page.', '2025-03-18 00:40:20', '139.194.46.148'),
(770, 17, 'User visitted course list', '2025-03-18 00:40:23', '139.194.46.148'),
(771, 17, 'User Accessed Listing Page', '2025-03-18 00:40:27', '139.194.46.148'),
(772, 17, 'User deleted an exam', '2025-03-18 00:40:35', '139.194.46.148'),
(773, 17, 'User Accessed Listing Page', '2025-03-18 00:40:37', '139.194.46.148'),
(774, 17, 'User Accessed Listing Page', '2025-03-18 00:40:41', '139.194.46.148'),
(775, 17, 'User deleted Matematika course', '2025-03-18 00:40:49', '139.194.46.148'),
(776, 17, 'User visitted course list', '2025-03-18 00:40:50', '139.194.46.148'),
(777, 14, 'User logged in', '2025-03-18 00:41:22', '139.194.46.148'),
(778, 14, 'User accessed home page.', '2025-03-18 00:41:25', '139.194.46.148'),
(779, 14, 'You have restored an/a user', '2025-03-18 00:42:30', '139.194.46.148'),
(780, 14, 'You have massacred the exams', '2025-03-18 00:43:02', '139.194.46.148'),
(781, 14, 'You have killed a course', '2025-03-18 00:43:09', '139.194.46.148'),
(782, 14, 'User accessed settings', '2025-03-18 00:43:51', '139.194.46.148'),
(783, 14, 'Updated website settings', '2025-03-18 00:44:49', '139.194.46.148'),
(784, 14, 'User accessed settings', '2025-03-18 00:44:50', '139.194.46.148'),
(785, 14, 'Updated website settings', '2025-03-18 00:45:02', '139.194.46.148'),
(786, 14, 'User accessed settings', '2025-03-18 00:45:04', '139.194.46.148'),
(787, 14, 'Updated website settings', '2025-03-18 00:45:25', '139.194.46.148'),
(788, 14, 'User accessed settings', '2025-03-18 00:45:26', '139.194.46.148'),
(789, 14, 'User logged in', '2025-03-18 07:13:29', '223.255.224.107'),
(790, 14, 'User accessed home page.', '2025-03-18 07:13:36', '223.255.224.107'),
(791, 14, 'User visitted course list', '2025-03-18 07:13:49', '223.255.224.107'),
(792, 14, 'User visitted course list', '2025-03-18 07:14:01', '223.255.224.107'),
(793, 14, 'User Accessed Listing Page', '2025-03-18 07:14:14', '223.255.224.107'),
(794, 14, 'User accessed Feature testing', '2025-03-18 07:14:23', '223.255.224.107'),
(795, 14, 'User accessed Feature testing', '2025-03-18 07:15:14', '223.255.224.107'),
(796, 14, 'User accessed Feature testing', '2025-03-18 07:16:35', '223.255.224.107'),
(797, 14, 'User accessed Feature testing', '2025-03-18 07:17:49', '223.255.224.107'),
(798, 14, 'User accessed Feature testing', '2025-03-18 07:20:21', '223.255.224.107'),
(799, 14, 'User accessed Feature testing', '2025-03-18 07:20:55', '223.255.224.107'),
(800, 14, 'User accessed Feature testing', '2025-03-18 07:25:40', '223.255.224.107'),
(801, 14, 'User accessed Feature testing', '2025-03-18 07:27:56', '223.255.224.107'),
(802, 14, 'User visitted course list', '2025-03-18 07:28:14', '223.255.224.107'),
(803, 14, 'User accessed home page.', '2025-03-18 07:28:23', '223.255.224.107'),
(804, 14, 'User visitted course list', '2025-03-18 07:28:35', '223.255.224.107'),
(805, 14, 'User Accessed Listing Page', '2025-03-18 07:28:57', '223.255.224.107'),
(806, 14, 'User accessed test essay question', '2025-03-18 07:29:39', '223.255.224.107'),
(807, 14, 'User accessed home page.', '2025-03-18 07:31:50', '223.255.224.107'),
(808, 14, 'User visitted course list', '2025-03-18 07:32:00', '223.255.224.107'),
(809, 14, 'User Accessed Listing Page', '2025-03-18 07:32:10', '223.255.224.107'),
(810, 14, 'User accessed Feature testing', '2025-03-18 07:32:20', '223.255.224.107'),
(811, 14, 'User accessed Feature testing', '2025-03-18 07:54:37', '223.255.224.107'),
(812, 14, 'User accessed Feature testing', '2025-03-18 07:55:15', '223.255.224.107'),
(813, 14, 'User accessed settings', '2025-03-18 08:00:29', '223.255.224.107'),
(814, 14, 'User visitted course list', '2025-03-18 08:12:18', '223.255.224.107'),
(815, 14, 'User visitted course list', '2025-03-18 08:14:42', '223.255.224.107'),
(816, 14, 'User accessed home page.', '2025-03-18 08:14:48', '223.255.224.107'),
(817, 14, 'User visitted course list', '2025-03-18 08:15:02', '223.255.224.107'),
(818, 14, 'User Accessed Listing Page', '2025-03-18 08:15:21', '223.255.224.107'),
(819, 14, 'User accessed Feature testing', '2025-03-18 08:16:24', '223.255.224.107'),
(820, 14, 'User visitted course list', '2025-03-18 08:59:48', '36.68.177.64'),
(821, 14, 'User accessed home page.', '2025-03-18 09:00:39', '36.68.177.64'),
(822, 14, 'User visitted course list', '2025-03-18 09:00:54', '36.68.177.64'),
(823, 14, 'User Accessed Listing Page', '2025-03-18 09:01:12', '36.68.177.64'),
(824, 14, 'User accessed test essay question', '2025-03-18 09:01:32', '36.68.177.64'),
(825, 14, 'User accessed test essay question', '2025-03-18 09:24:16', '36.68.177.64'),
(826, 14, 'User accessed test essay question', '2025-03-18 09:25:22', '36.68.177.64'),
(827, 14, 'User accessed test essay question', '2025-03-18 09:25:59', '36.68.177.64'),
(828, 14, 'User accessed test essay question', '2025-03-18 09:26:41', '36.68.177.64'),
(829, 14, 'User accessed test essay question', '2025-03-18 09:27:03', '36.68.177.64'),
(830, 14, 'User accessed test essay question', '2025-03-18 09:27:37', '36.68.177.64'),
(831, 14, 'User seen test essay question attempt list', '2025-03-18 09:31:03', '36.68.177.64'),
(832, 14, 'User accessed test essay question', '2025-03-18 09:31:19', '36.68.177.64'),
(833, 14, 'User accessed home page.', '2025-03-18 09:32:48', '36.68.177.64'),
(834, 14, 'User visitted course list', '2025-03-18 09:33:07', '36.68.177.64'),
(835, 14, 'User Accessed Listing Page', '2025-03-18 09:33:52', '36.68.177.64'),
(836, 14, 'User accessed Feature testing', '2025-03-18 09:34:04', '36.68.177.64'),
(837, 14, 'User answers Feature testing', '2025-03-18 09:34:20', '36.68.177.64'),
(838, 14, 'User finished Feature testing', '2025-03-18 09:34:35', '36.68.177.64'),
(839, 14, 'User accessed Feature testing', '2025-03-18 09:36:22', '36.68.177.64'),
(840, 14, 'User accessed Feature testing', '2025-03-18 09:36:47', '36.68.177.64'),
(841, 14, 'User accessed home page.', '2025-03-18 09:37:22', '36.68.177.64'),
(842, 14, 'User visitted course list', '2025-03-18 09:37:36', '36.68.177.64'),
(843, 14, 'User Accessed Listing Page', '2025-03-18 09:38:08', '36.68.177.64'),
(844, 14, 'User Accessed Listing Page', '2025-03-18 09:38:29', '36.68.177.64'),
(845, 14, 'User accessed test essay question', '2025-03-18 09:38:58', '36.68.177.64'),
(846, 14, 'User answers test essay question', '2025-03-18 09:39:13', '36.68.177.64'),
(847, 14, 'User finished test essay question', '2025-03-18 09:39:40', '36.68.177.64'),
(848, 14, 'User accessed test essay question', '2025-03-18 09:44:57', '36.68.177.64'),
(849, 14, 'User accessed home page.', '2025-03-18 09:45:15', '36.68.177.64'),
(850, 14, 'User visitted course list', '2025-03-18 09:45:35', '36.68.177.64'),
(851, 14, 'User Accessed Listing Page', '2025-03-18 09:45:50', '36.68.177.64'),
(852, 14, 'User Accessed Listing Page', '2025-03-18 09:46:05', '36.68.177.64'),
(853, 14, 'User accessed Feature testing', '2025-03-18 09:46:16', '36.68.177.64'),
(854, 14, 'User answers Feature testing', '2025-03-18 09:46:28', '36.68.177.64'),
(855, 14, 'User finished Feature testing', '2025-03-18 09:46:39', '36.68.177.64'),
(856, 14, 'User accessed Feature testing', '2025-03-18 10:01:37', '36.68.177.64'),
(857, 14, 'User logged out', '2025-03-18 10:01:48', '36.68.177.64'),
(858, 18, 'User logged in', '2025-03-18 10:05:45', '36.68.177.64'),
(859, 18, 'User accessed home page.', '2025-03-18 10:05:53', '36.68.177.64'),
(860, 18, 'User visitted course list', '2025-03-18 10:06:04', '36.68.177.64'),
(861, 18, 'User added Mid Blok course', '2025-03-18 10:06:24', '36.68.177.64'),
(862, 18, 'User visitted course list', '2025-03-18 10:06:31', '36.68.177.64'),
(863, 18, 'User Accessed Listing Page', '2025-03-18 10:06:40', '36.68.177.64'),
(864, 18, 'User\'s creating exam', '2025-03-18 10:06:48', '36.68.177.64'),
(865, 18, 'User created Presentasi exam.', '2025-03-18 10:08:26', '36.68.177.64'),
(866, 18, 'User Accessed Listing Page', '2025-03-18 10:08:32', '36.68.177.64'),
(867, 18, 'User accessed Presentasi', '2025-03-18 10:08:43', '36.68.177.64'),
(868, 18, 'User answers Presentasi', '2025-03-18 10:09:05', '36.68.177.64'),
(869, 18, 'User finished Presentasi', '2025-03-18 10:09:36', '36.68.177.64'),
(870, 18, 'User accessed Presentasi', '2025-03-18 10:09:55', '36.68.177.64'),
(871, 18, 'User logged out', '2025-03-18 10:10:28', '36.68.177.64'),
(872, 14, 'User logged in', '2025-03-18 10:38:10', '36.68.177.64'),
(873, 14, 'User accessed home page.', '2025-03-18 10:38:17', '36.68.177.64'),
(874, 14, 'User visitted course list', '2025-03-18 10:38:26', '36.68.177.64'),
(875, 14, 'User Accessed Listing Page', '2025-03-18 10:38:35', '36.68.177.64'),
(876, 14, 'User accessed Feature testing', '2025-03-18 10:38:44', '36.68.177.64'),
(877, 14, 'User visitted course list', '2025-03-18 10:38:51', '36.68.177.64'),
(878, 14, 'User accessed home page.', '2025-03-18 10:38:58', '36.68.177.64'),
(879, 14, 'User Accessed Listing Page', '2025-03-18 10:39:06', '36.68.177.64'),
(880, 14, 'User accessed test essay question', '2025-03-18 10:39:16', '36.68.177.64'),
(881, 14, 'User answers test essay question', '2025-03-18 10:39:27', '36.68.177.64'),
(882, 14, 'User finished test essay question', '2025-03-18 10:39:39', '36.68.177.64'),
(883, 14, 'User accessed test essay question', '2025-03-18 10:39:58', '36.68.177.64'),
(884, 14, 'User seen test essay question attempt list', '2025-03-18 10:40:15', '36.68.177.64'),
(885, 14, 'User seen test essay question attempt list', '2025-03-18 10:41:03', '36.68.177.64'),
(886, 14, 'User logged out', '2025-03-18 10:41:30', '36.68.177.64'),
(887, 19, 'User logged in', '2025-03-18 10:43:32', '36.68.177.64'),
(888, 19, 'User accessed home page.', '2025-03-18 10:43:39', '36.68.177.64'),
(889, 19, 'User visitted course list', '2025-03-18 10:43:50', '36.68.177.64'),
(890, 19, 'User added MID BLOK course', '2025-03-18 10:44:15', '36.68.177.64'),
(891, 19, 'User visitted course list', '2025-03-18 10:44:21', '36.68.177.64'),
(892, 19, 'User Accessed Listing Page', '2025-03-18 10:44:32', '36.68.177.64'),
(893, 19, 'User\'s creating exam', '2025-03-18 10:44:44', '36.68.177.64'),
(894, 19, 'User created Presentasi exam.', '2025-03-18 10:45:35', '36.68.177.64'),
(895, 19, 'User Accessed Listing Page', '2025-03-18 10:45:42', '36.68.177.64'),
(896, 19, 'User accessed Presentasi', '2025-03-18 10:45:52', '36.68.177.64'),
(897, 19, 'User answers Presentasi', '2025-03-18 10:46:07', '36.68.177.64'),
(898, 19, 'User finished Presentasi', '2025-03-18 10:46:37', '36.68.177.64'),
(899, 19, 'User accessed Presentasi', '2025-03-18 10:46:54', '36.68.177.64'),
(900, 19, 'User seen Presentasi attempt list', '2025-03-18 10:47:28', '36.68.177.64'),
(901, 19, 'User seen Presentasi attempt list', '2025-03-18 10:47:56', '36.68.177.64'),
(902, 19, 'User printed Presentasi\'s report', '2025-03-18 10:48:12', '36.68.177.64'),
(903, 19, 'User deleted an attempt', '2025-03-18 10:48:42', '36.68.177.64'),
(904, 19, 'User seen Presentasi attempt list', '2025-03-18 10:48:49', '36.68.177.64'),
(905, 19, 'User visitted course list', '2025-03-18 10:48:59', '36.68.177.64'),
(906, 19, 'User deleted Presentasi course', '2025-03-18 10:49:10', '36.68.177.64'),
(907, 19, 'User visitted course list', '2025-03-18 10:49:17', '36.68.177.64'),
(908, 14, 'User logged in', '2025-03-18 10:49:40', '36.68.177.64'),
(909, 14, 'User accessed home page.', '2025-03-18 10:49:47', '36.68.177.64'),
(910, 14, 'You have killed a course', '2025-03-18 10:50:23', '36.68.177.64'),
(911, 14, 'User accessed settings', '2025-03-18 10:51:30', '36.68.177.64'),
(912, 14, 'Updated website settings', '2025-03-18 10:51:44', '36.68.177.64'),
(913, 14, 'User accessed settings', '2025-03-18 10:51:52', '36.68.177.64'),
(914, 14, 'User logged in', '2025-03-24 08:20:06', '36.68.177.64'),
(915, 14, 'User accessed home page.', '2025-03-24 08:20:20', '36.68.177.64'),
(916, 14, 'User logged out', '2025-03-24 08:20:51', '36.68.177.64'),
(917, 4, 'User logged in', '2025-03-24 08:30:16', '36.68.177.64'),
(918, 4, 'User accessed home page.', '2025-03-24 08:30:31', '36.68.177.64'),
(919, 4, 'User logged out', '2025-03-24 08:31:04', '36.68.177.64'),
(920, 14, 'User logged in', '2025-03-24 14:10:32', '182.253.9.70'),
(921, 14, 'User accessed home page.', '2025-03-24 14:10:40', '182.253.9.70'),
(922, 14, 'User logged out', '2025-03-24 14:15:04', '182.253.9.70'),
(923, 4, 'User logged in', '2025-03-24 14:27:39', '182.253.9.70'),
(924, 4, 'User accessed home page.', '2025-03-24 14:27:45', '182.253.9.70'),
(925, 4, 'User logged out', '2025-03-24 14:27:58', '182.253.9.70'),
(926, 4, 'User logged in', '2025-03-24 14:32:55', '182.253.9.70'),
(927, 4, 'User accessed home page.', '2025-03-24 14:33:00', '182.253.9.70'),
(928, 4, 'User updated profile', '2025-03-24 14:36:38', '182.253.9.70'),
(929, 4, 'User accessed home page.', '2025-03-24 14:38:19', '182.253.9.70'),
(930, 4, 'User visitted course list', '2025-03-24 14:39:50', '182.253.9.70'),
(931, 4, 'User added This Is a Course course', '2025-03-24 14:40:36', '182.253.9.70'),
(932, 4, 'User visitted course list', '2025-03-24 14:40:42', '182.253.9.70'),
(933, 4, 'User edited course: This Is edit Course', '2025-03-24 14:41:36', '182.253.9.70'),
(934, 4, 'User visitted course list', '2025-03-24 14:41:41', '182.253.9.70'),
(935, 4, 'User Accessed Listing Page', '2025-03-24 14:43:21', '182.253.9.70'),
(936, 4, 'User\'s creating exam', '2025-03-24 14:43:36', '182.253.9.70'),
(937, 4, 'User created This is an Exam exam.', '2025-03-24 14:46:48', '182.253.9.70'),
(938, 4, 'User Accessed Listing Page', '2025-03-24 14:46:53', '182.253.9.70'),
(939, 4, 'User accessed This is an Exam', '2025-03-24 14:47:08', '182.253.9.70'),
(940, 4, 'User Accessed Listing Page', '2025-03-24 14:47:43', '182.253.9.70'),
(941, 4, 'User accessed This is an Exam', '2025-03-24 14:47:54', '182.253.9.70'),
(942, 4, 'User Accessed Listing Page', '2025-03-24 14:48:17', '182.253.9.70'),
(943, 4, 'User updated This is an Exam', '2025-03-24 14:50:24', '182.253.9.70'),
(944, 4, 'User Accessed Listing Page', '2025-03-24 14:50:31', '182.253.9.70'),
(945, 4, 'User accessed This is an Exam', '2025-03-24 14:50:38', '182.253.9.70'),
(946, 4, 'User answers This is an Exam', '2025-03-24 14:50:55', '182.253.9.70'),
(947, 4, 'User finished This is an Exam', '2025-03-24 14:51:32', '182.253.9.70'),
(948, 4, 'User accessed This is an Exam', '2025-03-24 14:51:53', '182.253.9.70'),
(949, 4, 'User accessed This is an Exam', '2025-03-24 14:52:42', '182.253.9.70'),
(950, 4, 'User seen This is an Exam attempt list', '2025-03-24 14:52:50', '182.253.9.70'),
(951, 4, 'User seen This is an Exam attempt list', '2025-03-24 14:53:29', '182.253.9.70'),
(952, 4, 'User printed This is an Exam\'s report', '2025-03-24 14:53:54', '182.253.9.70'),
(953, 4, 'User seen This is an Exam attempt list', '2025-03-24 14:54:58', '182.253.9.70'),
(954, 4, 'User accessed home page.', '2025-03-24 14:55:02', '182.253.9.70'),
(955, 4, 'User visitted course list', '2025-03-24 15:00:09', '182.253.9.70'),
(956, 4, 'User accessed home page.', '2025-03-24 15:00:31', '182.253.9.70'),
(957, 4, 'User visitted exam history', '2025-03-24 15:01:03', '182.253.9.70'),
(958, 4, 'User visitted course list', '2025-03-24 15:01:17', '182.253.9.70'),
(959, 4, 'User visitted exam history', '2025-03-24 15:01:26', '182.253.9.70'),
(960, 4, 'User accessed log activity', '2025-03-24 15:01:34', '182.253.9.70'),
(961, 4, 'User logged out', '2025-03-24 15:03:19', '182.253.9.70'),
(962, 3, 'User logged in', '2025-03-24 15:05:33', '182.253.9.70'),
(963, 3, 'User accessed home page.', '2025-03-24 15:05:39', '182.253.9.70'),
(964, 3, 'User accessed home page.', '2025-03-24 15:06:39', '182.253.9.70'),
(965, 3, 'User visitted course list', '2025-03-24 15:06:49', '182.253.9.70'),
(966, 3, 'User logged out', '2025-03-24 15:07:21', '182.253.9.70'),
(967, 14, 'User logged in', '2025-03-24 15:07:38', '182.253.9.70'),
(968, 14, 'User accessed home page.', '2025-03-24 15:07:44', '182.253.9.70'),
(969, 14, 'User accessed home page.', '2025-03-24 15:09:29', '182.253.9.70'),
(970, 14, 'User visitted course list', '2025-03-24 15:09:37', '182.253.9.70'),
(971, 14, 'User visitted course list', '2025-03-24 15:10:25', '182.253.9.70'),
(972, 14, 'User accessed home page.', '2025-03-24 15:12:37', '182.253.9.70'),
(973, 14, 'User accessed settings', '2025-03-24 15:13:25', '182.253.9.70'),
(974, 14, 'User accessed home page.', '2025-03-24 15:15:03', '182.253.9.70'),
(975, 14, 'User visitted course list', '2025-03-24 15:15:12', '182.253.9.70'),
(976, 14, 'User Accessed Listing Page', '2025-03-24 15:15:25', '182.253.9.70'),
(977, 14, 'User accessed Feature testing', '2025-03-24 15:15:35', '182.253.9.70'),
(978, 14, 'User seen Feature testing attempt list', '2025-03-24 15:15:44', '182.253.9.70'),
(979, 14, 'User accessed Feature testing', '2025-03-24 15:16:01', '182.253.9.70'),
(980, 14, 'User accessed Feature testing', '2025-03-24 15:16:17', '182.253.9.70'),
(981, 14, 'User answers Feature testing', '2025-03-24 15:16:25', '182.253.9.70'),
(982, 14, 'User finished Feature testing', '2025-03-24 15:16:47', '182.253.9.70'),
(983, 14, 'User accessed Feature testing', '2025-03-24 15:26:26', '182.253.9.70'),
(984, 14, 'User accessed Feature testing', '2025-03-24 15:26:52', '182.253.9.70'),
(985, 14, 'User accessed Feature testing', '2025-03-24 15:27:23', '182.253.9.70'),
(986, 14, 'User answers Feature testing', '2025-03-24 15:29:42', '182.253.9.70'),
(987, 14, 'User finished Feature testing', '2025-03-24 15:29:51', '182.253.9.70'),
(988, 14, 'User accessed Feature testing', '2025-03-24 15:35:28', '182.253.9.70'),
(989, 14, 'User accessed home page.', '2025-03-24 15:36:02', '182.253.9.70'),
(990, 14, 'User visitted course list', '2025-03-24 15:36:09', '182.253.9.70'),
(991, 14, 'User Accessed Listing Page', '2025-03-24 15:36:22', '182.253.9.70'),
(992, 14, 'User accessed This is an Exam', '2025-03-24 15:36:32', '182.253.9.70'),
(993, 14, 'User answers This is an Exam', '2025-03-24 15:36:50', '182.253.9.70'),
(994, 14, 'User finished This is an Exam', '2025-03-24 15:37:20', '182.253.9.70'),
(995, 14, 'User accessed This is an Exam', '2025-03-24 15:37:37', '182.253.9.70'),
(996, 14, 'User accessed This is an Exam', '2025-03-24 15:38:35', '182.253.9.70'),
(997, 7, 'User logged in', '2025-03-24 15:40:58', '182.253.9.70'),
(998, 7, 'User accessed home page.', '2025-03-24 15:41:03', '182.253.9.70'),
(999, 7, 'User visitted course list', '2025-03-24 15:41:14', '182.253.9.70'),
(1000, 7, 'User Accessed Listing Page', '2025-03-24 15:41:22', '182.253.9.70'),
(1001, 7, 'User accessed This is an Exam', '2025-03-24 15:41:31', '182.253.9.70'),
(1002, 14, 'User accessed This is an Exam', '2025-03-24 15:52:28', '182.253.9.70'),
(1003, 14, 'User answers This is an Exam', '2025-03-24 15:52:40', '182.253.9.70'),
(1004, 14, 'User finished This is an Exam', '2025-03-24 15:52:53', '182.253.9.70'),
(1005, 14, 'User accessed This is an Exam', '2025-03-24 15:53:07', '182.253.9.70'),
(1006, 7, 'User accessed This is an Exam', '2025-03-24 15:53:13', '182.253.9.70'),
(1007, 7, 'User accessed home page.', '2025-03-24 16:26:17', '182.253.9.70'),
(1008, 14, 'User logged in', '2025-03-24 16:44:50', '182.253.9.70'),
(1009, 14, 'User accessed home page.', '2025-03-24 16:44:57', '182.253.9.70'),
(1010, 14, 'User accessed settings', '2025-03-24 16:45:46', '182.253.9.70'),
(1011, 14, 'Updated website settings', '2025-03-24 16:46:02', '182.253.9.70'),
(1012, 14, 'User accessed settings', '2025-03-24 16:46:09', '182.253.9.70'),
(1013, 7, 'User logged in', '2025-03-24 20:07:31', '139.194.224.47'),
(1014, 7, 'User logged in', '2025-03-24 20:07:53', '139.194.224.47'),
(1015, 7, 'User accessed home page.', '2025-03-24 20:07:58', '139.194.224.47'),
(1016, 7, 'User accessed home page.', '2025-03-24 20:08:22', '139.194.224.47'),
(1017, 7, 'User accessed home page.', '2025-03-24 20:08:28', '139.194.224.47'),
(1018, 7, 'User accessed home page.', '2025-03-24 20:08:32', '139.194.224.47'),
(1019, 7, 'User accessed home page.', '2025-03-24 20:09:04', '139.194.224.47'),
(1020, 7, 'User accessed home page.', '2025-03-24 20:09:11', '139.194.224.47'),
(1021, 7, 'User accessed home page.', '2025-03-24 20:10:28', '139.194.224.47'),
(1022, 7, 'User accessed home page.', '2025-03-24 20:11:15', '139.194.224.47'),
(1023, 7, 'User accessed home page.', '2025-03-24 20:12:43', '139.194.224.47'),
(1024, 7, 'User accessed home page.', '2025-03-24 20:12:50', '139.194.224.47'),
(1025, 7, 'User visitted course list', '2025-03-24 20:13:40', '139.194.224.47'),
(1026, 7, 'User visitted course list', '2025-03-24 20:13:44', '139.194.224.47'),
(1027, 7, 'User accessed home page.', '2025-03-24 20:13:55', '139.194.224.47'),
(1028, 7, 'User logged out', '2025-03-24 20:15:04', '139.194.224.47'),
(1029, 3, 'User logged in', '2025-03-25 22:14:00', '139.194.234.86'),
(1030, 3, 'User accessed home page.', '2025-03-25 22:14:07', '139.194.234.86'),
(1031, 3, 'User visitted course list', '2025-03-25 22:14:20', '139.194.234.86'),
(1032, 3, 'User visitted course list', '2025-03-25 22:17:10', '139.194.234.86'),
(1033, 3, 'User visitted course list', '2025-03-25 22:17:27', '139.194.234.86'),
(1034, 3, 'User visitted course list', '2025-03-25 22:18:00', '139.194.234.86'),
(1035, 3, 'User visitted course list', '2025-03-25 22:18:11', '139.194.234.86'),
(1036, 3, 'User visitted course list', '2025-03-25 22:18:26', '139.194.234.86'),
(1037, 3, 'User visitted course list', '2025-03-25 22:19:10', '139.194.234.86'),
(1038, 3, 'User visitted course list', '2025-03-25 22:19:56', '139.194.234.86'),
(1039, 3, 'User visitted course list', '2025-03-25 22:20:11', '139.194.234.86'),
(1040, 3, 'User visitted course list', '2025-03-25 22:20:18', '139.194.234.86'),
(1041, 3, 'User visitted course list', '2025-03-25 22:20:28', '139.194.234.86'),
(1042, 3, 'User visitted course list', '2025-03-25 22:22:06', '139.194.234.86'),
(1043, 3, 'User visitted course list', '2025-03-25 22:22:18', '139.194.234.86'),
(1044, 3, 'User visitted course list', '2025-03-25 22:23:53', '139.194.234.86'),
(1045, 3, 'User visitted course list', '2025-03-25 22:24:09', '139.194.234.86'),
(1046, 3, 'User visitted course list', '2025-03-25 22:25:29', '139.194.234.86'),
(1047, 3, 'User visitted course list', '2025-03-25 22:26:00', '139.194.234.86'),
(1048, 3, 'User visitted course list', '2025-03-25 22:29:17', '139.194.234.86'),
(1049, 3, 'User visitted course list', '2025-03-25 22:37:16', '139.194.234.86'),
(1050, 3, 'User visitted course list', '2025-03-25 22:37:45', '139.194.234.86'),
(1051, 3, 'User visitted course list', '2025-03-25 22:39:30', '139.194.234.86'),
(1052, 3, 'User visitted course list', '2025-03-25 22:39:46', '139.194.234.86'),
(1053, 3, 'User visitted course list', '2025-03-25 22:39:57', '139.194.234.86'),
(1054, 3, 'User visitted course list', '2025-03-25 22:42:57', '139.194.234.86'),
(1055, 3, 'User visitted course list', '2025-03-25 22:45:00', '139.194.234.86'),
(1056, 3, 'User accessed home page.', '2025-03-25 22:45:14', '139.194.234.86'),
(1057, 3, 'User accessed home page.', '2025-03-25 22:47:02', '139.194.234.86'),
(1058, 3, 'User visitted course list', '2025-03-25 22:47:18', '139.194.234.86'),
(1059, 3, 'User visitted course list', '2025-03-25 22:48:41', '139.194.234.86'),
(1060, 3, 'User visitted course list', '2025-03-25 22:49:41', '139.194.234.86'),
(1061, 3, 'User visitted course list', '2025-03-25 22:50:33', '139.194.234.86'),
(1062, 3, 'User accessed home page.', '2025-03-25 22:50:46', '139.194.234.86'),
(1063, 3, 'User visitted course list', '2025-03-25 22:51:12', '139.194.234.86'),
(1064, 3, 'User visitted course list', '2025-03-25 22:51:38', '139.194.234.86'),
(1065, 3, 'User accessed home page.', '2025-03-25 22:51:53', '139.194.234.86'),
(1066, 3, 'User visitted course list', '2025-03-25 22:52:13', '139.194.234.86'),
(1067, 3, 'User visitted course list', '2025-03-25 22:53:15', '139.194.234.86'),
(1068, 3, 'User visitted course list', '2025-03-25 22:53:32', '139.194.234.86'),
(1069, 3, 'User visitted course list', '2025-03-25 22:53:44', '139.194.234.86'),
(1070, 3, 'User accessed home page.', '2025-03-25 22:53:59', '139.194.234.86'),
(1071, 3, 'User visitted course list', '2025-03-25 22:54:33', '139.194.234.86'),
(1072, 3, 'User visitted course list', '2025-03-25 22:56:22', '139.194.234.86'),
(1073, 3, 'User visitted course list', '2025-03-25 22:57:18', '139.194.234.86'),
(1074, 3, 'User visitted course list', '2025-03-25 22:58:08', '139.194.234.86'),
(1075, 3, 'User visitted course list', '2025-03-25 22:58:37', '139.194.234.86'),
(1076, 3, 'User visitted course list', '2025-03-25 22:59:39', '139.194.234.86'),
(1077, 3, 'User accessed home page.', '2025-03-25 22:59:58', '139.194.234.86'),
(1078, 3, 'User visitted course list', '2025-03-25 23:00:14', '139.194.234.86'),
(1079, 3, 'User visitted course list', '2025-03-25 23:00:46', '139.194.234.86'),
(1080, 3, 'User visitted course list', '2025-03-25 23:01:07', '139.194.234.86'),
(1081, 3, 'User visitted course list', '2025-03-25 23:01:39', '139.194.234.86'),
(1082, 3, 'User visitted course list', '2025-03-25 23:01:45', '139.194.234.86'),
(1083, 3, 'User visitted course list', '2025-03-25 23:02:31', '139.194.234.86'),
(1084, 3, 'User visitted course list', '2025-03-25 23:03:08', '139.194.234.86'),
(1085, 3, 'User Accessed Listing Page', '2025-03-25 23:03:22', '139.194.234.86'),
(1086, 3, 'User accessed This is an Exam', '2025-03-25 23:03:35', '139.194.234.86'),
(1087, 3, 'User Accessed Listing Page', '2025-03-25 23:03:54', '139.194.234.86'),
(1088, 3, 'User accessed This is an Exam', '2025-03-25 23:04:06', '139.194.234.86'),
(1089, 3, 'User answers This is an Exam', '2025-03-25 23:04:24', '139.194.234.86'),
(1090, 3, 'User finished This is an Exam', '2025-03-25 23:04:50', '139.194.234.86'),
(1091, 3, 'User accessed This is an Exam', '2025-03-25 23:06:12', '139.194.234.86'),
(1092, 3, 'User seen This is an Exam attempt list', '2025-03-25 23:06:23', '139.194.234.86'),
(1093, 3, 'User seen This is an Exam attempt list', '2025-03-25 23:06:52', '139.194.234.86'),
(1094, 3, 'User accessed home page.', '2025-03-25 23:07:18', '139.194.234.86'),
(1095, 3, 'User accessed home page.', '2025-03-25 23:12:18', '139.194.234.86'),
(1096, 3, 'User logged out', '2025-03-25 23:12:34', '139.194.234.86'),
(1097, 14, 'User logged in', '2025-03-25 23:14:23', '139.194.234.86'),
(1098, 14, 'User accessed home page.', '2025-03-25 23:14:28', '139.194.234.86'),
(1099, 14, 'User logged out', '2025-03-25 23:15:49', '139.194.234.86'),
(1100, 14, 'User logged in', '2025-03-25 23:17:00', '139.194.234.86'),
(1101, 14, 'User accessed home page.', '2025-03-25 23:17:05', '139.194.234.86'),
(1102, 14, 'User accessed home page.', '2025-03-25 23:17:14', '139.194.234.86'),
(1103, 14, 'User logged out', '2025-03-25 23:17:56', '139.194.234.86'),
(1104, 7, 'User logged in', '2025-03-26 11:24:25', '139.194.234.86'),
(1105, 7, 'User accessed home page.', '2025-03-26 11:24:30', '139.194.234.86'),
(1106, 7, 'User visitted course list', '2025-03-26 11:24:36', '139.194.234.86'),
(1107, 7, 'User Accessed Listing Page', '2025-03-26 11:24:43', '139.194.234.86'),
(1108, 7, 'User accessed Feature testing', '2025-03-26 11:24:51', '139.194.234.86'),
(1109, 7, 'User visitted course list', '2025-03-26 11:25:03', '139.194.234.86'),
(1110, 7, 'User Accessed Listing Page', '2025-03-26 11:25:16', '139.194.234.86'),
(1111, 7, 'User\'s creating exam', '2025-03-26 11:25:22', '139.194.234.86'),
(1112, 7, 'User created Flag Question Test exam.', '2025-03-26 11:28:48', '139.194.234.86'),
(1113, 7, 'User Accessed Listing Page', '2025-03-26 11:28:51', '139.194.234.86'),
(1114, 7, 'User accessed Flag Question Test', '2025-03-26 11:29:02', '139.194.234.86'),
(1115, 7, 'User answers Flag Question Test', '2025-03-26 11:31:59', '139.194.234.86'),
(1116, 7, 'User answers Flag Question Test', '2025-03-26 11:34:08', '139.194.234.86'),
(1117, 7, 'User answers Flag Question Test', '2025-03-26 11:34:24', '139.194.234.86'),
(1118, 7, 'User answers Flag Question Test', '2025-03-26 11:35:09', '139.194.234.86'),
(1119, 7, 'User finished Flag Question Test', '2025-03-26 11:44:25', '139.194.234.86'),
(1120, 7, 'User accessed Flag Question Test', '2025-03-26 11:44:33', '139.194.234.86'),
(1121, 7, 'User answers Flag Question Test', '2025-03-26 11:45:13', '139.194.234.86'),
(1122, 7, 'User finished Flag Question Test', '2025-03-26 11:45:28', '139.194.234.86'),
(1123, 7, 'User accessed Flag Question Test', '2025-03-26 11:45:34', '139.194.234.86'),
(1124, 7, 'User answers Flag Question Test', '2025-03-26 11:46:09', '139.194.234.86'),
(1125, 7, 'User finished Flag Question Test', '2025-03-26 11:46:20', '139.194.234.86'),
(1126, 7, 'User accessed Flag Question Test', '2025-03-26 11:46:25', '139.194.234.86'),
(1127, 7, 'User answers Flag Question Test', '2025-03-26 11:47:03', '139.194.234.86'),
(1128, 7, 'User finished Flag Question Test', '2025-03-26 11:47:14', '139.194.234.86'),
(1129, 7, 'User accessed Flag Question Test', '2025-03-26 11:47:22', '139.194.234.86'),
(1130, 7, 'User answers Flag Question Test', '2025-03-26 11:48:58', '139.194.234.86'),
(1131, 7, 'User finished Flag Question Test', '2025-03-26 11:49:08', '139.194.234.86'),
(1132, 7, 'User accessed Flag Question Test', '2025-03-26 11:50:16', '139.194.234.86'),
(1133, 7, 'User answers Flag Question Test', '2025-03-26 11:50:21', '139.194.234.86'),
(1134, 7, 'User finished Flag Question Test', '2025-03-26 11:50:36', '139.194.234.86'),
(1135, 7, 'User accessed Flag Question Test', '2025-03-26 11:50:45', '139.194.234.86'),
(1136, 7, 'User seen Flag Question Test attempt list', '2025-03-26 11:50:51', '139.194.234.86'),
(1137, 7, 'User deleted an attempt', '2025-03-26 11:50:59', '139.194.234.86'),
(1138, 7, 'User seen Flag Question Test attempt list', '2025-03-26 11:51:01', '139.194.234.86'),
(1139, 7, 'User seen Flag Question Test attempt list', '2025-03-26 11:53:21', '139.194.234.86'),
(1140, 7, 'User seen Flag Question Test attempt list', '2025-03-26 11:53:40', '139.194.234.86'),
(1141, 7, 'User seen Flag Question Test attempt list', '2025-03-26 11:56:09', '139.194.234.86'),
(1142, 7, 'User deleted multiple attempts', '2025-03-26 11:56:28', '139.194.234.86'),
(1143, 7, 'User seen Flag Question Test attempt list', '2025-03-26 11:56:35', '139.194.234.86'),
(1144, 7, 'User deleted multiple attempts', '2025-03-26 11:56:48', '139.194.234.86'),
(1145, 7, 'User seen Flag Question Test attempt list', '2025-03-26 11:56:53', '139.194.234.86'),
(1146, 7, 'User accessed home page.', '2025-03-26 11:57:32', '139.194.234.86'),
(1147, 7, 'User visitted course list', '2025-03-26 11:57:36', '139.194.234.86'),
(1148, 7, 'User accessed home page.', '2025-03-26 11:59:29', '139.194.234.86'),
(1149, 7, 'User visitted course list', '2025-03-26 11:59:33', '139.194.234.86'),
(1150, 7, 'User Accessed Listing Page', '2025-03-26 11:59:49', '139.194.234.86'),
(1151, 7, 'User updated Flag Question Test', '2025-03-26 12:00:17', '139.194.234.86'),
(1152, 7, 'User Accessed Listing Page', '2025-03-26 12:00:18', '139.194.234.86'),
(1153, 7, 'User accessed Flag Question Test', '2025-03-26 12:00:24', '139.194.234.86'),
(1154, 7, 'User answers Flag Question Test', '2025-03-26 12:00:29', '139.194.234.86'),
(1155, 7, 'User finished Flag Question Test', '2025-03-26 12:01:07', '139.194.234.86'),
(1156, 7, 'User accessed Flag Question Test', '2025-03-26 12:01:15', '139.194.234.86'),
(1157, 7, 'User visitted course list', '2025-03-26 12:01:33', '139.194.234.86'),
(1158, 7, 'User Accessed Listing Page', '2025-03-26 12:01:39', '139.194.234.86'),
(1159, 7, 'User accessed Flag Question Test', '2025-03-26 12:02:39', '139.194.234.86'),
(1160, 7, 'User answers Flag Question Test', '2025-03-26 12:02:45', '139.194.234.86'),
(1161, 7, 'User answers Flag Question Test', '2025-03-26 12:03:17', '139.194.234.86'),
(1162, 7, 'User finished Flag Question Test', '2025-03-26 12:03:31', '139.194.234.86'),
(1163, 7, 'User accessed Flag Question Test', '2025-03-26 12:03:39', '139.194.234.86'),
(1164, 7, 'User seen Flag Question Test attempt list', '2025-03-26 12:05:15', '139.194.234.86'),
(1165, 7, 'User deleted multiple attempts', '2025-03-26 12:06:50', '139.194.234.86'),
(1166, 7, 'User seen Flag Question Test attempt list', '2025-03-26 12:07:01', '139.194.234.86'),
(1167, 7, 'User accessed home page.', '2025-03-26 12:07:19', '139.194.234.86'),
(1168, 7, 'User visitted course list', '2025-03-26 12:08:28', '139.194.234.86'),
(1169, 7, 'User accessed home page.', '2025-03-26 12:33:26', '139.194.234.86'),
(1170, 7, 'User accessed home page.', '2025-03-26 13:21:57', '139.194.234.86'),
(1171, 7, 'User visitted course list', '2025-03-26 13:22:27', '139.194.234.86'),
(1172, 7, 'User Accessed Listing Page', '2025-03-26 14:09:00', '139.194.234.86'),
(1173, 7, 'User visitted course list', '2025-03-26 14:09:07', '139.194.234.86'),
(1174, 7, 'User Accessed Listing Page', '2025-03-26 14:09:26', '139.194.234.86'),
(1175, 7, 'User updated Flag Question Test', '2025-03-26 14:10:19', '139.194.234.86'),
(1176, 7, 'User Accessed Listing Page', '2025-03-26 14:10:20', '139.194.234.86'),
(1177, 7, 'User accessed Flag Question Test', '2025-03-26 14:10:25', '139.194.234.86'),
(1178, 7, 'User accessed Flag Question Test', '2025-03-26 14:12:37', '139.194.234.86'),
(1179, 7, 'User accessed Flag Question Test', '2025-03-26 14:15:35', '139.194.234.86'),
(1180, 7, 'User accessed Flag Question Test', '2025-03-26 14:16:44', '139.194.234.86'),
(1181, 7, 'User Accessed Listing Page', '2025-03-26 14:16:56', '139.194.234.86'),
(1182, 7, 'User updated Flag Question Test', '2025-03-26 14:17:15', '139.194.234.86'),
(1183, 7, 'User Accessed Listing Page', '2025-03-26 14:17:18', '139.194.234.86'),
(1184, 7, 'User accessed Flag Question Test', '2025-03-26 14:17:24', '139.194.234.86'),
(1185, 7, 'User accessed Flag Question Test', '2025-03-26 14:18:09', '139.194.234.86'),
(1186, 7, 'User Accessed Listing Page', '2025-03-26 14:20:58', '139.194.234.86'),
(1187, 7, 'User updated Flag Question Test', '2025-03-26 14:21:39', '139.194.234.86'),
(1188, 7, 'User Accessed Listing Page', '2025-03-26 14:21:40', '139.194.234.86'),
(1189, 7, 'User accessed Flag Question Test', '2025-03-26 14:21:46', '139.194.234.86'),
(1190, 7, 'User accessed Flag Question Test', '2025-03-26 14:22:25', '139.194.234.86'),
(1191, 7, 'User accessed Flag Question Test', '2025-03-26 14:23:25', '139.194.234.86'),
(1192, 7, 'User Accessed Listing Page', '2025-03-26 14:24:51', '139.194.234.86'),
(1193, 7, 'User updated Flag Question Test', '2025-03-26 14:25:04', '139.194.234.86'),
(1194, 7, 'User Accessed Listing Page', '2025-03-26 14:25:06', '139.194.234.86'),
(1195, 7, 'User accessed Flag Question Test', '2025-03-26 14:25:13', '139.194.234.86'),
(1196, 7, 'User updated Flag Question Test', '2025-03-26 14:25:31', '139.194.234.86'),
(1197, 7, 'User Accessed Listing Page', '2025-03-26 14:25:32', '139.194.234.86'),
(1198, 7, 'User accessed Flag Question Test', '2025-03-26 14:25:37', '139.194.234.86'),
(1199, 14, 'User logged in', '2025-03-27 10:54:51', '182.253.9.72'),
(1200, 14, 'User accessed home page.', '2025-03-27 10:54:57', '182.253.9.72'),
(1201, 14, 'User accessed settings', '2025-03-27 10:58:11', '182.253.9.72'),
(1202, 14, 'Updated website settings', '2025-03-27 10:58:44', '182.253.9.72'),
(1203, 14, 'User accessed settings', '2025-03-27 10:58:50', '182.253.9.72'),
(1204, 14, 'User accessed settings', '2025-03-27 11:00:24', '182.253.9.72'),
(1205, 14, 'Updated website settings', '2025-03-27 11:00:43', '182.253.9.72'),
(1206, 14, 'User accessed settings', '2025-03-27 11:00:49', '182.253.9.72'),
(1207, 14, 'Updated website settings', '2025-03-27 11:02:42', '182.253.9.72'),
(1208, 14, 'User accessed settings', '2025-03-27 11:02:48', '182.253.9.72'),
(1209, 14, 'Updated website settings', '2025-03-27 11:03:31', '182.253.9.72'),
(1210, 14, 'User accessed settings', '2025-03-27 11:03:38', '182.253.9.72'),
(1211, 14, 'User logged out', '2025-03-27 11:04:22', '182.253.9.72'),
(1212, 14, 'User logged in', '2025-03-27 11:05:31', '182.253.9.72'),
(1213, 14, 'User accessed home page.', '2025-03-27 11:05:37', '182.253.9.72'),
(1214, 14, 'User logged in', '2025-03-27 13:21:26', '182.253.9.72'),
(1215, 14, 'User accessed home page.', '2025-03-27 13:21:32', '182.253.9.72'),
(1216, 3, 'User logged in', '2025-03-28 10:36:50', '182.253.9.72'),
(1217, 3, 'User accessed home page.', '2025-03-28 10:36:58', '182.253.9.72'),
(1218, 3, 'User accessed home page.', '2025-03-28 10:39:49', '182.253.9.72'),
(1219, 3, 'User accessed home page.', '2025-03-28 10:40:57', '182.253.9.72'),
(1220, 3, 'User visitted course list', '2025-03-28 10:41:09', '182.253.9.72'),
(1221, 3, 'User accessed home page.', '2025-03-28 10:43:05', '182.253.9.72'),
(1222, 3, 'User logged out', '2025-03-28 10:54:08', '182.253.9.72'),
(1223, 4, 'User logged in', '2025-03-30 18:25:31', '139.194.237.130'),
(1224, 4, 'User accessed home page.', '2025-03-30 18:25:37', '139.194.237.130'),
(1225, 4, 'User logged out', '2025-03-30 18:25:47', '139.194.237.130'),
(1226, 4, 'User logged in', '2025-03-30 18:28:54', '139.194.237.130'),
(1227, 4, 'User accessed home page.', '2025-03-30 18:29:01', '139.194.237.130'),
(1228, 4, 'User logged out', '2025-03-30 18:32:15', '139.194.237.130'),
(1229, 7, 'User logged in', '2025-03-31 12:56:56', '139.194.3.134'),
(1230, 7, 'User accessed home page.', '2025-03-31 12:57:03', '139.194.3.134'),
(1231, 7, 'User visitted course list', '2025-03-31 12:57:12', '139.194.3.134'),
(1232, 7, 'User Accessed Listing Page', '2025-03-31 12:57:21', '139.194.3.134'),
(1233, 7, 'User accessed This is an Exam', '2025-03-31 12:57:33', '139.194.3.134'),
(1234, 7, 'User accessed This is an Exam', '2025-03-31 12:57:53', '139.194.3.134'),
(1235, 7, 'User answers This is an Exam', '2025-03-31 13:04:48', '139.194.3.134'),
(1236, 7, 'User finished This is an Exam', '2025-03-31 13:05:03', '139.194.3.134'),
(1237, 7, 'User accessed This is an Exam', '2025-03-31 13:05:19', '139.194.3.134'),
(1238, 7, 'User answers This is an Exam', '2025-03-31 13:05:28', '139.194.3.134'),
(1239, 7, 'User finished This is an Exam', '2025-03-31 13:05:41', '139.194.3.134'),
(1240, 7, 'User accessed This is an Exam', '2025-03-31 13:05:54', '139.194.3.134'),
(1241, 7, 'User logged out', '2025-03-31 13:20:15', '139.194.3.134'),
(1242, 4, 'User logged in', '2025-03-31 13:20:40', '139.194.3.134'),
(1243, 4, 'User accessed home page.', '2025-03-31 13:20:46', '139.194.3.134'),
(1244, 4, 'User visitted course list', '2025-03-31 13:20:58', '139.194.3.134'),
(1245, 4, 'User Accessed Listing Page', '2025-03-31 13:21:06', '139.194.3.134'),
(1246, 4, 'User accessed This is an Exam', '2025-03-31 13:21:15', '139.194.3.134'),
(1247, 4, 'User seen This is an Exam attempt list', '2025-03-31 13:21:24', '139.194.3.134'),
(1248, 4, 'User accessed This is an Exam', '2025-03-31 14:18:43', '139.194.3.134'),
(1249, 7, 'User logged in', '2025-04-01 11:11:19', '180.252.62.238'),
(1250, 7, 'User accessed home page.', '2025-04-01 11:11:28', '180.252.62.238'),
(1251, 7, 'User logged out', '2025-04-01 11:11:38', '180.252.62.238'),
(1252, 14, 'User logged in', '2025-04-01 11:24:44', '180.252.62.238'),
(1253, 14, 'User accessed home page.', '2025-04-01 11:24:51', '180.252.62.238'),
(1254, 14, 'User logged out', '2025-04-01 11:25:26', '180.252.62.238'),
(1255, 14, 'User logged in', '2025-04-01 22:57:12', '139.194.3.134'),
(1256, 14, 'User accessed home page.', '2025-04-01 22:57:13', '139.194.3.134'),
(1257, 14, 'User visitted course list', '2025-04-01 22:57:18', '139.194.3.134'),
(1258, 14, 'User Accessed Listing Page', '2025-04-01 22:57:21', '139.194.3.134'),
(1259, 14, 'User accessed Feature testing', '2025-04-01 22:57:24', '139.194.3.134'),
(1260, 14, 'User Accessed Listing Page', '2025-04-01 22:57:38', '139.194.3.134'),
(1261, 14, 'User accessed home page.', '2025-04-01 22:57:51', '139.194.3.134'),
(1262, 14, 'User accessed home page.', '2025-04-01 22:58:00', '139.194.3.134'),
(1263, 14, 'User visitted course list', '2025-04-01 22:58:04', '139.194.3.134'),
(1264, 14, 'User logged out', '2025-04-01 22:58:27', '139.194.3.134'),
(1265, 14, 'User logged in', '2025-04-02 14:53:03', '103.160.15.14'),
(1266, 14, 'User accessed home page.', '2025-04-02 14:53:05', '103.160.15.14'),
(1267, 14, 'You have restored an/a user', '2025-04-02 14:55:20', '103.160.15.14'),
(1268, 14, 'You have restored all user', '2025-04-02 14:55:31', '103.160.15.14'),
(1269, 14, 'You have massacred the users', '2025-04-02 14:56:14', '103.160.15.14'),
(1270, 14, 'User accessed home page.', '2025-04-02 14:57:13', '103.160.15.14'),
(1271, 14, 'User visitted course list', '2025-04-02 14:57:17', '103.160.15.14'),
(1272, 14, 'User visitted course list', '2025-04-02 14:57:42', '103.160.15.14'),
(1273, 14, 'User accessed home page.', '2025-04-02 14:57:55', '103.160.15.14'),
(1274, 14, 'User accessed settings', '2025-04-02 14:58:00', '103.160.15.14'),
(1275, 14, 'Updated website settings', '2025-04-02 14:58:19', '103.160.15.14'),
(1276, 14, 'User accessed settings', '2025-04-02 14:58:20', '103.160.15.14'),
(1277, 14, 'Updated website settings', '2025-04-02 14:58:29', '103.160.15.14'),
(1278, 14, 'User accessed settings', '2025-04-02 14:58:30', '103.160.15.14'),
(1279, 14, 'Updated website settings', '2025-04-02 14:59:08', '103.160.15.14'),
(1280, 14, 'User accessed settings', '2025-04-02 14:59:09', '103.160.15.14'),
(1281, 14, 'User logged out', '2025-04-02 14:59:28', '103.160.15.14'),
(1282, 3, 'User logged in', '2025-04-02 15:02:07', '103.160.15.14'),
(1283, 3, 'User accessed home page.', '2025-04-02 15:02:09', '103.160.15.14'),
(1284, 3, 'User accessed home page.', '2025-04-02 15:02:49', '103.160.15.14'),
(1285, 3, 'User visitted course list', '2025-04-02 15:02:52', '103.160.15.14'),
(1286, 3, 'User Accessed Listing Page', '2025-04-02 15:03:00', '103.160.15.14'),
(1287, 3, 'User accessed home page.', '2025-04-02 15:03:04', '103.160.15.14'),
(1288, 3, 'User logged out', '2025-04-02 15:03:13', '103.160.15.14'),
(1289, 14, 'User logged in', '2025-04-02 15:07:57', '103.160.15.14'),
(1290, 14, 'User accessed home page.', '2025-04-02 15:07:58', '103.160.15.14'),
(1291, 14, 'User logged out', '2025-04-02 15:10:18', '103.160.15.14');
INSERT INTO `log_activity` (`id_log`, `id_user`, `what_happens`, `happens_at`, `ip_address`) VALUES
(1292, 21, 'User logged in', '2025-04-02 15:10:36', '103.160.15.14'),
(1293, 21, 'User accessed home page.', '2025-04-02 15:10:38', '103.160.15.14'),
(1294, 21, 'User logged out', '2025-04-02 15:10:56', '103.160.15.14'),
(1295, 21, 'User logged in', '2025-04-02 15:12:00', '103.160.15.14'),
(1296, 21, 'User accessed home page.', '2025-04-02 15:12:02', '103.160.15.14'),
(1297, 21, 'User accessed home page.', '2025-04-02 15:12:21', '103.160.15.14'),
(1298, 21, 'User visitted course list', '2025-04-02 15:12:24', '103.160.15.14'),
(1299, 21, 'User added RPL 11 B - MATEMATIKA course', '2025-04-02 15:12:36', '103.160.15.14'),
(1300, 21, 'User visitted course list', '2025-04-02 15:12:37', '103.160.15.14'),
(1301, 21, 'User edited course: RPL 11 B - Sejarah', '2025-04-02 15:12:59', '103.160.15.14'),
(1302, 21, 'User visitted course list', '2025-04-02 15:13:00', '103.160.15.14'),
(1303, 21, 'User Accessed Listing Page', '2025-04-02 15:13:06', '103.160.15.14'),
(1304, 21, 'User\'s creating exam', '2025-04-02 15:13:11', '103.160.15.14'),
(1305, 21, 'User created BLOK 1 exam.', '2025-04-02 15:15:01', '103.160.15.14'),
(1306, 21, 'User Accessed Listing Page', '2025-04-02 15:15:02', '103.160.15.14'),
(1307, 21, 'User accessed BLOK 1', '2025-04-02 15:15:15', '103.160.15.14'),
(1308, 21, 'User seen BLOK 1 attempt list', '2025-04-02 15:15:21', '103.160.15.14'),
(1309, 4, 'User logged in', '2025-04-02 15:15:51', '103.160.15.14'),
(1310, 4, 'User accessed home page.', '2025-04-02 15:15:53', '103.160.15.14'),
(1311, 4, 'User visitted course list', '2025-04-02 15:15:58', '103.160.15.14'),
(1312, 4, 'User Accessed Listing Page', '2025-04-02 15:16:02', '103.160.15.14'),
(1313, 4, 'User accessed BLOK 1', '2025-04-02 15:16:07', '103.160.15.14'),
(1314, 4, 'User answers BLOK 1', '2025-04-02 15:16:13', '103.160.15.14'),
(1315, 4, 'User finished BLOK 1', '2025-04-02 15:16:42', '103.160.15.14'),
(1316, 4, 'User accessed BLOK 1', '2025-04-02 15:16:49', '103.160.15.14'),
(1317, 4, 'User accessed home page.', '2025-04-02 15:16:57', '103.160.15.14'),
(1318, 4, 'User visitted course list', '2025-04-02 15:16:59', '103.160.15.14'),
(1319, 4, 'User Accessed Listing Page', '2025-04-02 15:17:35', '103.160.15.14'),
(1320, 4, 'User accessed Feature testing', '2025-04-02 15:17:38', '103.160.15.14'),
(1321, 4, 'User answers Feature testing', '2025-04-02 15:17:42', '103.160.15.14'),
(1322, 4, 'User finished Feature testing', '2025-04-02 15:17:50', '103.160.15.14'),
(1323, 4, 'User accessed Feature testing', '2025-04-02 15:17:58', '103.160.15.14'),
(1324, 4, 'User accessed Feature testing', '2025-04-02 15:18:12', '103.160.15.14'),
(1325, 21, 'User accessed BLOK 1', '2025-04-02 15:18:29', '103.160.15.14'),
(1326, 21, 'User seen BLOK 1 attempt list', '2025-04-02 15:18:32', '103.160.15.14'),
(1327, 21, 'User seen BLOK 1 attempt list', '2025-04-02 15:18:45', '103.160.15.14'),
(1328, 21, 'User printed BLOK 1\'s report', '2025-04-02 15:19:01', '103.160.15.14'),
(1329, 21, 'User deleted multiple attempts', '2025-04-02 15:19:28', '103.160.15.14'),
(1330, 21, 'User seen BLOK 1 attempt list', '2025-04-02 15:19:31', '103.160.15.14'),
(1331, 21, 'User accessed home page.', '2025-04-02 15:19:42', '103.160.15.14'),
(1332, 21, 'User visitted exam history', '2025-04-02 15:19:47', '103.160.15.14'),
(1333, 4, 'User visitted exam history', '2025-04-02 15:19:54', '103.160.15.14'),
(1334, 21, 'User visitted course list', '2025-04-02 15:20:06', '103.160.15.14'),
(1335, 21, 'User Accessed Listing Page', '2025-04-02 15:20:12', '103.160.15.14'),
(1336, 21, 'User updated BLOK 1', '2025-04-02 15:21:01', '103.160.15.14'),
(1337, 21, 'User Accessed Listing Page', '2025-04-02 15:21:02', '103.160.15.14'),
(1338, 4, 'User accessed home page.', '2025-04-02 15:21:08', '103.160.15.14'),
(1339, 4, 'User visitted course list', '2025-04-02 15:21:11', '103.160.15.14'),
(1340, 4, 'User Accessed Listing Page', '2025-04-02 15:21:13', '103.160.15.14'),
(1341, 4, 'User Accessed Listing Page', '2025-04-02 15:21:14', '103.160.15.14'),
(1342, 4, 'User accessed BLOK 1', '2025-04-02 15:21:17', '103.160.15.14'),
(1343, 4, 'User accessed BLOK 1', '2025-04-02 15:22:03', '103.160.15.14'),
(1344, 4, 'User answers BLOK 1', '2025-04-02 15:22:07', '103.160.15.14'),
(1345, 4, 'User finished BLOK 1', '2025-04-02 15:22:21', '103.160.15.14'),
(1346, 4, 'User accessed BLOK 1', '2025-04-02 15:22:24', '103.160.15.14'),
(1347, 4, 'User accessed BLOK 1', '2025-04-02 15:23:02', '103.160.15.14'),
(1348, 4, 'User accessed log activity', '2025-04-02 15:23:28', '103.160.15.14'),
(1349, 4, 'User updated profile', '2025-04-02 15:24:30', '103.160.15.14'),
(1350, 4, 'User updated profile', '2025-04-02 15:24:45', '103.160.15.14'),
(1351, 4, 'User deleted profile picture', '2025-04-02 15:24:50', '103.160.15.14'),
(1352, 4, 'User updated profile', '2025-04-02 15:25:01', '103.160.15.14'),
(1353, 4, 'User logged out', '2025-04-02 15:25:39', '103.160.15.14');

-- --------------------------------------------------------

--
-- Table structure for table `option`
--

CREATE TABLE `option` (
  `id_option` int(11) NOT NULL,
  `id_question` int(11) DEFAULT NULL,
  `option` varchar(255) DEFAULT NULL,
  `description` longtext DEFAULT NULL,
  `created_at` datetime DEFAULT current_timestamp(),
  `deleted_at` datetime DEFAULT NULL,
  `updated_at` datetime DEFAULT NULL,
  `created_by` varchar(255) DEFAULT NULL,
  `updated_by` varchar(255) DEFAULT NULL,
  `deleted_by` varchar(255) DEFAULT NULL
) ENGINE=InnoDB DEFAULT CHARSET=utf8mb4 COLLATE=utf8mb4_general_ci;

--
-- Dumping data for table `option`
--

INSERT INTO `option` (`id_option`, `id_question`, `option`, `description`, `created_at`, `deleted_at`, `updated_at`, `created_by`, `updated_by`, `deleted_by`) VALUES
(48, 21, 'A', '2', '2025-03-08 10:59:11', NULL, NULL, NULL, NULL, NULL),
(49, 21, 'B', '4', '2025-03-08 10:59:11', NULL, NULL, NULL, NULL, NULL),
(50, 21, 'C', '0', '2025-03-08 10:59:11', NULL, NULL, NULL, NULL, NULL),
(51, 21, 'D', '9', '2025-03-08 10:59:11', NULL, NULL, NULL, NULL, NULL),
(52, 22, 'A', '2', '2025-03-08 10:59:11', NULL, NULL, NULL, NULL, NULL),
(53, 22, 'B', '45', '2025-03-08 10:59:11', NULL, NULL, NULL, NULL, NULL),
(54, 22, 'C', '49', '2025-03-08 10:59:11', NULL, NULL, NULL, NULL, NULL),
(55, 22, 'D', '14', '2025-03-08 10:59:11', NULL, NULL, NULL, NULL, NULL),
(132, 50, 'A', 'bro must be confused', '2025-03-09 02:38:16', NULL, NULL, NULL, NULL, NULL),
(133, 50, 'B', 'try change the exam settings', '2025-03-09 02:38:16', NULL, NULL, NULL, NULL, NULL),
(167, 59, 'A', 'CAT!', '2025-03-10 07:48:25', NULL, NULL, NULL, NULL, NULL),
(168, 59, 'B', 'what\'s the car name again?', '2025-03-10 07:48:25', NULL, NULL, NULL, NULL, NULL),
(169, 59, 'C', 'faeffew', '2025-03-10 07:48:25', NULL, NULL, NULL, NULL, NULL),
(170, 59, 'D', 'faegdf', '2025-03-10 07:48:25', NULL, NULL, NULL, NULL, NULL),
(281, 87, 'A', 'sdegd', '2025-03-12 21:01:20', NULL, NULL, NULL, NULL, NULL),
(282, 87, 'B', 'edgedg', '2025-03-12 21:01:20', NULL, NULL, NULL, NULL, NULL),
(283, 87, 'C', 'geg', '2025-03-12 21:01:20', NULL, NULL, NULL, NULL, NULL),
(284, 87, 'D', 'grgvfc', '2025-03-12 21:01:20', NULL, NULL, NULL, NULL, NULL),
(371, 111, 'A', '9', '2025-03-16 18:00:46', NULL, NULL, NULL, NULL, NULL),
(372, 111, 'B', '6', '2025-03-16 18:00:46', NULL, NULL, NULL, NULL, NULL),
(373, 111, 'C', '1', '2025-03-16 18:00:46', NULL, NULL, NULL, NULL, NULL),
(374, 111, 'D', '5', '2025-03-16 18:00:46', NULL, NULL, NULL, NULL, NULL),
(379, 113, 'A', 'blegh', '2025-03-16 22:34:58', NULL, NULL, NULL, NULL, NULL),
(380, 113, 'B', 'hm', '2025-03-16 22:34:58', NULL, NULL, NULL, NULL, NULL),
(381, 113, 'C', 'Just ', '2025-03-16 22:34:58', NULL, NULL, NULL, NULL, NULL),
(382, 113, 'D', 'huh', '2025-03-16 22:34:58', NULL, NULL, NULL, NULL, NULL),
(387, 118, 'A', 'yvfi8y', '2025-03-17 16:31:52', NULL, NULL, NULL, NULL, NULL),
(388, 118, 'B', 'fwcs', '2025-03-17 16:31:52', NULL, NULL, NULL, NULL, NULL),
(389, 118, 'C', 'swd', '2025-03-17 16:31:52', NULL, NULL, NULL, NULL, NULL),
(390, 118, 'D', 'dwds', '2025-03-17 16:31:52', NULL, NULL, NULL, NULL, NULL),
(391, 119, 'A', 'fee', '2025-03-17 16:34:47', NULL, NULL, NULL, NULL, NULL),
(392, 119, 'B', 'fevgev', '2025-03-17 16:34:47', NULL, NULL, NULL, NULL, NULL),
(393, 119, 'C', 'rgrvg', '2025-03-17 16:34:47', NULL, NULL, NULL, NULL, NULL),
(394, 119, 'D', 'rgvrd', '2025-03-17 16:34:47', NULL, NULL, NULL, NULL, NULL),
(397, 125, 'A', 'LOCK IN!!!', '2025-03-17 23:05:09', NULL, NULL, NULL, NULL, NULL),
(398, 125, 'B', 'Just give up', '2025-03-17 23:05:09', NULL, NULL, NULL, NULL, NULL),
(415, 135, 'A', 'A', '2025-03-24 14:50:23', NULL, NULL, NULL, NULL, NULL),
(416, 135, 'B', 'B', '2025-03-24 14:50:23', NULL, NULL, NULL, NULL, NULL),
(417, 135, 'C', 'C', '2025-03-24 14:50:23', NULL, NULL, NULL, NULL, NULL),
(418, 135, 'D', 'D', '2025-03-24 14:50:23', NULL, NULL, NULL, NULL, NULL),
(491, 155, 'A', 'AKAKU!', '2025-03-26 14:25:30', NULL, NULL, NULL, NULL, NULL),
(492, 155, 'B', 'AKAKU!', '2025-03-26 14:25:30', NULL, NULL, NULL, NULL, NULL),
(493, 155, 'C', 'AKAKU!', '2025-03-26 14:25:30', NULL, NULL, NULL, NULL, NULL),
(494, 155, 'D', 'D/N/A!', '2025-03-26 14:25:30', NULL, NULL, NULL, NULL, NULL),
(495, 156, 'A', 'MAFU?', '2025-03-26 14:25:30', NULL, NULL, NULL, NULL, NULL),
(496, 156, 'B', 'ENA?', '2025-03-26 14:25:30', NULL, NULL, NULL, NULL, NULL),
(497, 156, 'C', 'MIZU?', '2025-03-26 14:25:30', NULL, NULL, NULL, NULL, NULL),
(498, 156, 'D', 'KANA?', '2025-03-26 14:25:30', NULL, NULL, NULL, NULL, NULL),
(499, 157, 'A', 'okay', '2025-03-26 14:25:30', NULL, NULL, NULL, NULL, NULL),
(500, 157, 'B', 'no', '2025-03-26 14:25:30', NULL, NULL, NULL, NULL, NULL),
(501, 157, 'C', 'no objection', '2025-03-26 14:25:30', NULL, NULL, NULL, NULL, NULL),
(502, 157, 'D', 'niigo!', '2025-03-26 14:25:30', NULL, NULL, NULL, NULL, NULL),
(507, 160, 'A', '27 November 2019', '2025-04-02 15:21:01', NULL, NULL, NULL, NULL, NULL),
(508, 160, 'B', '24 November 2019', '2025-04-02 15:21:01', NULL, NULL, NULL, NULL, NULL),
(509, 160, 'C', '17 Agustus 1945', '2025-04-02 15:21:01', NULL, NULL, NULL, NULL, NULL),
(510, 160, 'D', '20 Agustus 1945', '2025-04-02 15:21:01', NULL, NULL, NULL, NULL, NULL);

-- --------------------------------------------------------

--
-- Table structure for table `question`
--

CREATE TABLE `question` (
  `id_question` int(11) NOT NULL,
  `question` longtext DEFAULT NULL,
  `right_option` varchar(255) DEFAULT NULL,
  `id_exam` int(11) DEFAULT NULL,
  `created_at` datetime DEFAULT current_timestamp(),
  `deleted_at` datetime DEFAULT NULL,
  `updated_at` datetime DEFAULT NULL,
  `created_by` varchar(255) DEFAULT NULL,
  `updated_by` varchar(255) DEFAULT NULL,
  `deleted_by` varchar(255) DEFAULT NULL
) ENGINE=InnoDB DEFAULT CHARSET=utf8mb4 COLLATE=utf8mb4_general_ci;

--
-- Dumping data for table `question`
--

INSERT INTO `question` (`id_question`, `question`, `right_option`, `id_exam`, `created_at`, `deleted_at`, `updated_at`, `created_by`, `updated_by`, `deleted_by`) VALUES
(111, '4 + 5', 'A', 39, '2025-03-16 18:00:46', NULL, NULL, NULL, NULL, NULL),
(113, 'efawfaw', 'C', 40, '2025-03-16 22:34:58', NULL, NULL, NULL, NULL, NULL),
(118, 'fygou', 'B', 45, '2025-03-17 16:31:52', NULL, NULL, NULL, NULL, NULL),
(119, 'efff', 'A', 46, '2025-03-17 16:34:47', NULL, NULL, NULL, NULL, NULL),
(124, 'test essay', NULL, 48, '2025-03-17 23:05:09', NULL, NULL, NULL, NULL, NULL),
(125, 'this is multichoice', 'B', 48, '2025-03-17 23:05:09', NULL, NULL, NULL, NULL, NULL),
(126, 'ini essay kah?', NULL, 48, '2025-03-17 23:05:09', NULL, NULL, NULL, NULL, NULL),
(135, 'This is Multiple Choices', 'A', 52, '2025-03-24 14:50:23', NULL, NULL, NULL, NULL, NULL),
(136, 'This is essay', NULL, 52, '2025-03-24 14:50:23', NULL, NULL, NULL, NULL, NULL),
(155, 'SAY WHAT??', 'D', 53, '2025-03-26 14:25:30', NULL, NULL, NULL, NULL, NULL),
(156, 'WHO\'S FOCUS IS THIS?', 'D', 53, '2025-03-26 14:25:30', NULL, NULL, NULL, NULL, NULL),
(157, 'oo, maybe we can test shuffle question also', 'A', 53, '2025-03-26 14:25:30', NULL, NULL, NULL, NULL, NULL),
(160, 'Tanggal berapakah Indonesia merdeka?', 'C', 54, '2025-04-02 15:21:01', NULL, NULL, NULL, NULL, NULL),
(161, 'Siapa presiden kita saat ini?', NULL, 54, '2025-04-02 15:21:01', NULL, NULL, NULL, NULL, NULL);

-- --------------------------------------------------------

--
-- Table structure for table `user`
--

CREATE TABLE `user` (
  `id_user` int(11) NOT NULL,
  `email` varchar(255) DEFAULT NULL,
  `username` varchar(255) DEFAULT NULL,
  `password` varchar(255) DEFAULT NULL,
  `foto` varchar(255) DEFAULT NULL,
  `level` int(11) NOT NULL,
  `token` varchar(255) DEFAULT NULL,
  `expiry` datetime DEFAULT NULL,
  `created_at` datetime DEFAULT current_timestamp(),
  `deleted_at` datetime DEFAULT NULL,
  `updated_at` datetime DEFAULT NULL,
  `created_by` varchar(255) DEFAULT NULL,
  `updated_by` varchar(255) DEFAULT NULL,
  `deleted_by` varchar(255) DEFAULT NULL
) ENGINE=InnoDB DEFAULT CHARSET=utf8mb4 COLLATE=utf8mb4_general_ci;

--
-- Dumping data for table `user`
--

INSERT INTO `user` (`id_user`, `email`, `username`, `password`, `foto`, `level`, `token`, `expiry`, `created_at`, `deleted_at`, `updated_at`, `created_by`, `updated_by`, `deleted_by`) VALUES
(3, 'ad@min', 'K1751', 'c4ca4238a0b923820dcc509a6f75849b', '3_1741567987_0f958cd621442d5cd62d.jpg', 1, NULL, NULL, '2025-02-10 23:46:36', NULL, NULL, NULL, NULL, NULL),
(4, 'KurumiDaFox@gmail.com', 'Ryuku', 'd1bf93299de1b68e6d382c893bf1215f', '4_1743582301_736af89de772a428807d.jpeg', 2, NULL, NULL, '2025-02-11 00:01:35', NULL, NULL, NULL, NULL, NULL),
(5, 'yippie@gmail.com', 'Yippie', '$2y$10$Ti5T.K3dwlgbEJPo7NMt2e4sRs82Y5Mfvy9UoyCwIX8763qU/MmQS', NULL, 2, NULL, NULL, '2025-02-12 11:04:40', NULL, NULL, NULL, NULL, NULL),
(6, 'kurumidafox@gmail.com', 'another', '710010bf43a6745b19f5ba6f31b5353d', NULL, 2, NULL, NULL, '2025-02-12 11:12:54', NULL, NULL, NULL, NULL, NULL),
(7, 'dafa@gmail.com', 'Dafa', '$2y$10$AS6uRqPQooIegObqfCBn3.n4CbhznUemiUVu9TqB6UIxMiTmSyZj6', '7_1740303786_c46c6fe6e899eea9356b.jpg', 2, NULL, NULL, '2025-02-12 12:09:34', NULL, NULL, NULL, NULL, NULL),
(10, 'kurumi@gmail.com', 'Kurumi', '$2y$10$06lHaz6.m7r5x3drFKem8e3EbEOUlDX2CqW7TjrRY8.w0.s0EVq4K', '10_1740297184_ac8305e83c7c2c9e0de7.png', 2, NULL, NULL, '2025-02-21 20:18:59', NULL, NULL, NULL, NULL, NULL),
(13, 'Isagi@gmail.com', 'Isagi', '$2y$10$mdU.HflwkMTO6qGmzZtVaeaZ2owM/7ZEbjh0n8koifcdjmdLDr9jO', '13_1741702168_464e8407482b85e766d1.jpg', 2, NULL, NULL, '2025-03-11 21:04:25', NULL, NULL, NULL, NULL, NULL),
(14, 'KF@gmail.com', 'KF', '6c8349cc7260ae62e3b1396831a8398f', NULL, 49, NULL, NULL, '2025-03-12 08:45:06', NULL, NULL, NULL, NULL, NULL),
(21, 'User@gmail.com', 'User', '710010bf43a6745b19f5ba6f31b5353d', NULL, 2, NULL, NULL, '2025-04-02 15:03:48', NULL, NULL, NULL, NULL, NULL);

-- --------------------------------------------------------

--
-- Table structure for table `web_detail`
--

CREATE TABLE `web_detail` (
  `id_wdetail` int(11) NOT NULL,
  `title` varchar(255) DEFAULT NULL,
  `logo` varchar(255) DEFAULT NULL
) ENGINE=InnoDB DEFAULT CHARSET=utf8mb4 COLLATE=utf8mb4_general_ci;

--
-- Dumping data for table `web_detail`
--

INSERT INTO `web_detail` (`id_wdetail`, `title`, `logo`) VALUES
(1, 'Chibi-Tee Exam Website', 'logo_1743580748.png');

--
-- Indexes for dumped tables
--

--
-- Indexes for table `course`
--
ALTER TABLE `course`
  ADD PRIMARY KEY (`id_course`);

--
-- Indexes for table `exam`
--
ALTER TABLE `exam`
  ADD PRIMARY KEY (`id_exam`);

--
-- Indexes for table `exam_attempts`
--
ALTER TABLE `exam_attempts`
  ADD PRIMARY KEY (`id_attempt`);

--
-- Indexes for table `exam_detail`
--
ALTER TABLE `exam_detail`
  ADD PRIMARY KEY (`id_detail`);

--
-- Indexes for table `log_activity`
--
ALTER TABLE `log_activity`
  ADD PRIMARY KEY (`id_log`);

--
-- Indexes for table `option`
--
ALTER TABLE `option`
  ADD PRIMARY KEY (`id_option`);

--
-- Indexes for table `question`
--
ALTER TABLE `question`
  ADD PRIMARY KEY (`id_question`);

--
-- Indexes for table `user`
--
ALTER TABLE `user`
  ADD PRIMARY KEY (`id_user`);

--
-- Indexes for table `web_detail`
--
ALTER TABLE `web_detail`
  ADD PRIMARY KEY (`id_wdetail`);

--
-- AUTO_INCREMENT for dumped tables
--

--
-- AUTO_INCREMENT for table `course`
--
ALTER TABLE `course`
  MODIFY `id_course` int(11) NOT NULL AUTO_INCREMENT, AUTO_INCREMENT=24;

--
-- AUTO_INCREMENT for table `exam`
--
ALTER TABLE `exam`
  MODIFY `id_exam` int(11) NOT NULL AUTO_INCREMENT, AUTO_INCREMENT=55;

--
-- AUTO_INCREMENT for table `exam_attempts`
--
ALTER TABLE `exam_attempts`
  MODIFY `id_attempt` int(11) NOT NULL AUTO_INCREMENT, AUTO_INCREMENT=483;

--
-- AUTO_INCREMENT for table `exam_detail`
--
ALTER TABLE `exam_detail`
  MODIFY `id_detail` int(11) NOT NULL AUTO_INCREMENT, AUTO_INCREMENT=190;

--
-- AUTO_INCREMENT for table `log_activity`
--
ALTER TABLE `log_activity`
  MODIFY `id_log` int(11) NOT NULL AUTO_INCREMENT, AUTO_INCREMENT=1354;

--
-- AUTO_INCREMENT for table `option`
--
ALTER TABLE `option`
  MODIFY `id_option` int(11) NOT NULL AUTO_INCREMENT, AUTO_INCREMENT=511;

--
-- AUTO_INCREMENT for table `question`
--
ALTER TABLE `question`
  MODIFY `id_question` int(11) NOT NULL AUTO_INCREMENT, AUTO_INCREMENT=162;

--
-- AUTO_INCREMENT for table `user`
--
ALTER TABLE `user`
  MODIFY `id_user` int(11) NOT NULL AUTO_INCREMENT, AUTO_INCREMENT=22;

--
-- AUTO_INCREMENT for table `web_detail`
--
ALTER TABLE `web_detail`
  MODIFY `id_wdetail` int(11) NOT NULL AUTO_INCREMENT, AUTO_INCREMENT=2;
COMMIT;

/*!40101 SET CHARACTER_SET_CLIENT=@OLD_CHARACTER_SET_CLIENT */;
/*!40101 SET CHARACTER_SET_RESULTS=@OLD_CHARACTER_SET_RESULTS */;
/*!40101 SET COLLATION_CONNECTION=@OLD_COLLATION_CONNECTION */;
